20161108 GE,2603615,General Election,2016-11-08,
20081104 GE,2536569,General Election,2008-11-04,
20121106 GE,2444462,General Election,2012-11-06,
2004 GENERAL ELECTION,2326953,General Election,2004-11-02,
General Election 2004,2270576,General Election,2004-11-02,
2006 GENERAL ELECTION,1599224,General Election,2006-11-07,
2002 GENERAL ELECTION,1425194,General Election,2002-11-05,
20101102 GE,1398818,General Election,2010-11-02,
2008 General Election,1360917,General Election,2008-11-04,
General Election 2006,1335852,General Election,2006-11-07,
General Election 2005,1275877,General Election,2005-11-08,
2012 General Election,1225894,General Election,2012-11-06,
2016 General Election,1225630,General Election,2016-11-08,
General Election 2002,1221567,General Election,2002-11-05,
2008 GENERAL ELECTION,1199103,General Election,2008-11-04,
20091103 GE,1176355,General Election,2009-11-03,
2016 GENERAL ELECTION,1143153,General Election,2016-11-08,
GENERAL ELECTION 2004,1135118,General Election,2004-11-02,
20160419 PP,1100059,Presidential Primary,2016-04-19,
20131105 GE,1082752,General Election,2013-11-05,
20141104 GE,1026379,General Election,2014-11-04,
20080205 PP,1005517,Presidential Primary,2008-02-05,
2003 GENERAL ELECTION,992539,General Election,2003-11-04,
2012 GENERAL ELECTION,973596,General Election,2012-11-06,
2005 GENERAL ELECTION,916293,General Election,2005-11-08,
20171107 GE,887106,General Election,2017-11-07,
2010 General Election,886071,General Election,2010-11-02,
GENERAL ELECTION 2008,884805,General Election,2008-11-04,
GENERAL ELECTION 2006,836291,General Election,2006-11-07,
GENERAL ELECTION 2012,805305,General Election,2012-11-06,
2014 General Election,785833,General Election,2014-11-04,
GENERAL ELECTION 2016,782543,General Election,2016-11-08,
20130910 PR,752053,State and Local Primary,2013-09-10,
GENERAL ELECTION 2002,734901,General Election,2002-11-05,
GENERAL ELECTION,725445,General Election,,TRUE
2010 GENERAL ELECTION,722824,General Election,2010-11-02,
"General Election, 2016",689387,General Election,2016-11-08,
"General Election, 2008",688360,General Election,2008-11-04,
"General Election, 2004",646559,General Election,2004-11-02,
GENERAL ELECTION 2005,621497,General Election,2005-11-08,
2007 General Election,617428,General Election,2007-11-06,
"General Election, 2012",613409,General Election,2012-11-06,
GENERAL ELECTION 2003,606239,General Election,2003-11-04,
2013 GENERAL ELECTION,600504,General Election,2013-11-05,
General Election 2003,571873,General Election,2003-11-04,
2009 GENERAL ELECTION,559099,General Election,2009-11-03,
GENERAL ELECTION 2010,548146,General Election,2010-11-02,
2009 General Election,512775,General Election,2009-11-03,
2015 General Election,495548,General Election,2015-11-03,
2011 General Election,492188,General Election,2011-11-08,
2013 General Election,485575,General Election,2013-11-05,
2011 GENERAL ELECTION,482164,General Election,2011-11-08,
City Primary Election 2005,476987,State and Local Primary,2005-09-13,
City Primary Election 2006,461930,State and Local Primary,2006-09-12,
04 GENERAL ELECTION,443549,General Election,2004-11-02,
GENERAL 2008,436065,General Election,2008-11-04,
20170912 PR,434348,State and Local Primary,2017-09-12,
16 GENERAL ELECTION,433436,General Election,2016-11-08,
12 GENERAL  ELECTION,426080,General Election,2012-11-06,
GENERAL 2016,425765,General Election,2016-11-08,
20100914 PR,419602,State and Local Primary,2010-09-14,
GENERAL ELECTION 2014,417179,General Election,2014-11-04,
"General Election, 2010",410871,General Election,2010-11-02,
2016 PRESIDENTIAL PRIMARY,407127,Presidential Primary,2016-04-19,
GENERAL 2004,406870,General Election,2004-11-02,
20090915 PR,403635,State and Local Primary,2009-09-15,
GENERAL 2012,399109,General Election,2012-11-06,
PRESIDENTIAL PRIMARY 2008,393057,Presidential Primary,2008-02-05,
GENERAL ELECTION 2009,388881,General Election,2009-11-03,
00 GENERAL ELECTION,388808,General Election,2000-11-07,
GENERAL ELECTION 2007,379771,General Election,2007-11-06,
"General Election, 2006",377840,General Election,2006-11-07,
2008 PRESIDENTIAL PRIMARY,375617,Presidential Primary,2008-02-05,
2016 Presidential Primary,366443,Presidential Primary,2016-04-19,
City Primary Election 2002,364856,State and Local Primary,2002-09-10,
General Election 2016,348126,General Election,2016-11-08,
2017 GENERAL ELECTION,346954,General Election,2017-11-07,
General Election 2012,344830,General Election,2012-11-06,
"General Election, 2002",342062,General Election,2002-11-05,
"General Election, 2014",340538,General Election,2014-11-04,
2014  GENERAL ELECTION,333373,General Election,2014-11-04,
"General Election, 2017",332790,General Election,2017-11-07,
Primary Election 2004,324123,State and Local Primary,2004-09-14,
2005 GENERAL  ELECTION,323967,General Election,2005-11-08,
10 GENERAL ELECTION,313219,General Election,2010-11-02,
20140909 PR,308442,State and Local Primary,2014-09-09,
2014 GENERAL ELECTION,302241,General Election,2014-11-04,
GENERAL ELECTION 2013,300461,General Election,2013-11-05,
06 GENERAL ELECTION,299603,General Election,2006-11-07,
02 GENERAL ELECTION,298238,General Election,2002-11-05,
05 GENERAL ELECTION,292248,General Election,2005-11-08,
GENERAL ELECTION 2015,290400,General Election,2015-11-03,
GENERAL ELECTION 2011,290382,General Election,2011-11-08,
GENERAL 2006,283438,General Election,2006-11-07,
PRESIDENTIAL PRIMARY 2016,274757,Presidential Primary,2016-04-19,
GENERAL 2010,271040,General Election,2010-11-02,
General Election 2010,270371,General Election,2010-11-02,
General Election 2014,269330,General Election,2014-11-04,
"General Election, 2003",264091,General Election,2003-11-04,
2006 PRIMARY ELECTION,258857,State and Local Primary,2006-09-12,
"General Election, 2005",257189,General Election,2005-11-08,
03 GENERAL ELECTION,256791,General Election,2003-11-04,
2017 General Election,254911,General Election,2017-11-07,
"General Election, 2011",252710,General Election,2011-11-08,
GENERAL 2002,250461,General Election,2002-11-05,
07 GENERAL ELECTION,248449,General Election,2007-11-06,
14 GENERAL  ELECTION,248220,General Election,2014-11-04,
20090929 RO,243897,State and Local Primary,2009-09-29,
11 GENERAL  ELECTION,240638,General Election,2011-11-08,
"General Election, 2007",234950,General Election,2007-11-06,
20151103 GE,234412,General Election,2015-11-03,
GENERAL 2014,233007,General Election,2014-11-04,
General Election 2013,231616,General Election,2013-11-05,
General Election 2008,230183,General Election,2008-11-04,
2002 PRIMARY ELECTION,227845,State and Local Primary,2002-09-10,
2007 GENERAL ELECTION,226693,General Election,2007-11-06,
GENERAL 2017,224819,General Election,2017-11-07,
20080909 PR,221437,State and Local Primary,2008-09-09,
"General Election, 2013",221342,General Election,2013-11-05,
2015  GENERAL ELECTION,217102,General Election,2015-11-03,
"General Election, 2009",216724,General Election,2009-11-03,
2008 Presidential Primary,215962,Presidential Primary,2008-02-05,
City Primary Election 2004,215536,State and Local Primary,2004-09-14,
GENERAL ELECTION 2017,210162,General Election,2017-11-07,
2007 GENERAL  ELECTION,210076,General Election,2007-11-06,
GENERAL 2005,208322,General Election,2005-11-08,
PRES PRIMARY ELECTION,203432,Presidential Primary,,TRUE
01 GENERAL ELECTION,202272,General Election,2001-11-06,
20131001 RO,201815,State and Local Primary,2013-10-01,
"Presidential Primary, 2016",201564,Presidential Primary,2016-04-19,
20160913 PR,199145,State and Local Primary,2016-09-13,
20120626 PR,198470,State and Local Primary,2012-06-26,
2010 PRIMARY ELECTION,197773,State and Local Primary,2010-09-14,
2010 Primary Election,196036,State and Local Primary,2010-09-14,
20071106 GE,193212,General Election,2007-11-06,
20120913 PR,191695,State and Local Primary,2012-09-13,
GENERAL 2013,190608,General Election,2013-11-05,
"General Election, 2015",190430,General Election,2015-11-03,
General Election 2007,186950,General Election,2007-11-06,
13 GENERAL  ELECTION,185924,General Election,2013-11-05,
20111108 GE,184010,General Election,2011-11-08,
GENERAL 2009,179093,General Election,2009-11-03,
City Primary Election 2003,176729,State and Local Primary,2003-09-09,
GENERAL 2003,171044,General Election,2003-11-04,
16 PRESIDENTIAL PRIMARY,170175,Presidential Primary,2016-04-19,
2015 GENERAL ELECTION,167658,General Election,2015-11-03,
General Election 2015,165922,General Election,2015-11-03,
GENERAL 2007,159038,General Election,2007-11-06,
PRESIDENTIAL PRIMARY,157024,Presidential Primary,,TRUE
08 PRESIDENTIAL PRIMARY,156882,Presidential Primary,2008-02-05,
"Presidential Primary, 2008",156697,Presidential Primary,2008-02-05,
2005 PRIMARY ELECTION,155238,State and Local Primary,2005-09-13,
General Election 2009,154281,General Election,2009-11-03,
15 GENERAL ELECTION,153066,General Election,2015-11-03,
General Election 2011,152745,General Election,2011-11-08,
GENERAL 2011,152396,General Election,2011-11-08,
PRIMARY ELECTION 2006,149597,State and Local Primary,2006-09-12,
GE 20161108,145438,General Election,2016-11-08,
2003 PRIMARY ELECTION,134636,State and Local Primary,2003-09-09,
20160628 PR,129776,State and Local Primary,2016-06-28,
2004 PRESIDENTIAL PRIMARY,122959,Presidential Primary,2004-03-02,
GENERAL 2015,121472,General Election,2015-11-03,
10 PRIMARY ELECTION,120630,State and Local Primary,2010-09-14,
2004 PRIMARY ELECTION,119319,State and Local Primary,2004-09-14,
General Election 2017,111919,General Election,2017-11-07,
2008 Presidential Primary Election,108855,Presidential Primary,2008-02-05,
PRIMARY ELECTION 2002,105928,State and Local Primary,2002-09-10,
2007 Primary Election,105222,State and Local Primary,2007-09-18,
2014 Primary Election,91736,State and Local Primary,,TRUE
20110913 SP,91132,Special Election,2011-09-13,
PRIMARY ELECTION 2004,91022,State and Local Primary,2004-09-14,
PRIMARY ELECTION 2005,91017,State and Local Primary,2005-09-13,
PRIMARY ELECTION 2010,90440,State and Local Primary,2010-09-14,
08 PRIMARY ELECTION,89621,State and Local Primary,2008-09-09,
2013 PRIMARY ELECTION,88975,State and Local Primary,2013-09-10,
PRESIDENTIAL PRIMARY 2004,86263,Presidential Primary,2004-03-02,
01 PRIMARY ELECTION,83467,State and Local Primary,2001-09-25,
"Primary Election, 2010",83226,State and Local Primary,2010-09-14,
20140624 PR,82195,State and Local Primary,2014-06-24,
2008 Primary Election,80603,State and Local Primary,2008-09-09,
02 PRIMARY ELECTION,78119,State and Local Primary,2002-09-10,
2013 Primary Election,75908,State and Local Primary,2013-09-10,
05 PRIMARY ELECTION,75386,State and Local Primary,2005-09-13,
07 PRIMARY ELECTION,74417,State and Local Primary,2007-09-18,
PRIMARY ELECTION 2003,73795,State and Local Primary,2003-09-09,
06 PRIMARY ELECTION,73537,State and Local Primary,2006-09-12,
2016 SD 9 SPECIAL,72582,Special Election,2016-04-19,
Primary Election 2010,71907,State and Local Primary,2010-09-14,
03 PRIMARY ELECTION,71018,State and Local Primary,2003-09-09,
14 PRIMARY ELECTION,71006,State and Local Primary,2014-06-24,
2012 Primary Election,67975,State and Local Primary,2012-09-13,
2009 Primary Election,67325,State and Local Primary,2009-09-15,
2009 PRIMARY ELECTION,67192,State and Local Primary,2009-09-15,
2015 PRIMARY ELECTION,66914,State and Local Primary,2015-09-10,
PRIMARY ELECTION 2017,66332,State and Local Primary,2017-09-12,
09 PRIMARY ELECTION,64788,State and Local Primary,2009-09-15,
Presidential Primary 2008,63806,Presidential Primary,2008-02-05,
20110913 PR,62951,State and Local Primary,2011-09-13,
2011 PRIMARY ELECTION,62456,State and Local Primary,2011-09-13,
PRIMARY 2010,62014,State and Local Primary,2010-09-14,
2009 Special Congressional,61259,Special Election,,TRUE
2014 PRIMARY ELECTION,60674,State and Local Primary,,TRUE
2006 GENERAL,59962,General Election,2006-11-07,
2015 Primary Election,59498,State and Local Primary,2015-09-10,
00 PRIMARY ELECTION,59029,State and Local Primary,2000-03-07,
04 PRIMARY ELECTION,57753,State and Local Primary,2004-09-14,
2016 Presidential Primary Election,57529,Presidential Primary,2016-04-19,
BUFFALO SCHOOL BOARD,56842,,2016-05-03,
PRIMARY ELECTION 2007,56197,State and Local Primary,2007-09-18,
20160419 SP,56135,Special Election,2016-04-19,
PRIMARY 2006,55730,State and Local Primary,2006-09-12,
"Primary Election, 2003",55399,State and Local Primary,2003-09-09,
11 PRIMARY ELECTION,55143,State and Local Primary,,
"Primary Election, 2006",55083,State and Local Primary,2006-09-12,
2011 Primary Election,54918,State and Local Primary,,
13 PRIMARY ELECTION,54553,State and Local Primary,,
12 PRIMARY ELECTION,54039,State and Local Primary,,
SPECIAL ELECTION 7TH SD,53357,Special Election,,
20150505 SP,50669,Special Election,2015-05-05,
2009 SPECIAL ELECTION,50531,Special Election,,
Special Election 2002,49689,Special Election,,
PRIMARY 2017,49110,State and Local Primary,,
PRIMARY ELECTION 2012,47062,State and Local Primary,,
PRIMARY 2003,46956,State and Local Primary,2003-09-09,
2017 PRIMARY ELECTION,46873,State and Local Primary,,
PRIMARY ELECTION 2016,46508,State and Local Primary,,
26TH SPECIAL ELECTION,45467,Special Election,,
15 PRIMARY ELECTION,44732,State and Local Primary,,
SPECIAL ELECTION,44230,Special Election,,
"Special Election, 2009",43606,Special Election,,
PRIMARY ELECTION 2014,43511,State and Local Primary,,TRUE
16 PRIMARY,43234,State and Local Primary,,
PRIMARY ELECTION 2013,42004,State and Local Primary,2013-09-10,
2016 Primary Election,41800,State and Local Primary,,
PRIMARY ELECTION 2008,41232,State and Local Primary,2008-09-09,
2012 PRESIDENTIAL PRIMARY,41014,Presidential Primary,,
20070918 PR,40035,State and Local Primary,2007-09-18,
Presidential Primary 2016,39289,Presidential Primary,2016-04-19,
2007 PRIMARY ELECTION,39023,State and Local Primary,2007-09-18,
2012 Presidential Primary,38270,Presidential Primary,,
Primary Election 2014,38149,State and Local Primary,,TRUE
PRIMARY 2009,37803,State and Local Primary,,
"Primary Election, 2017",36949,State and Local Primary,,
"Primary Election, 2005",36568,State and Local Primary,2005-09-13,
PRIMARY 2002,36489,State and Local Primary,,
PRIMARY ELECTION 2009,35946,State and Local Primary,,
PRIMARY ELECTION 2015,35473,State and Local Primary,2015-09-10,
SPECIAL GENERAL ELECTION 2004,35275,General Election,,
Presidential Primary Election 2016,35269,Presidential Primary,2016-04-19,
Primary Election 2013,35122,State and Local Primary,,
PRIMARY 2011,34827,State and Local Primary,,
Primary Election 2009,34692,State and Local Primary,,
2008 General,33830,General Election,,
2014CONGRESSIONAL PRIMARY,33794,State and Local Primary,2014-06-24,
PRIMARY 2014,33542,State and Local Primary,,TRUE
2005 SPECIAL ELECTION,33251,Special Election,,
Primary Election 2007,33191,State and Local Primary,2007-09-18,
"Primary Election, 2013",33007,State and Local Primary,2013-09-10,
Special Election 2007,32560,Special Election,,
20090421 SP,32400,Special Election,2009-04-21,
"Primary Election, 2002",32352,State and Local Primary,,
"Special Election, 2002",31926,Special Election,,
"Presidential Primary, 2004",31678,Presidential Primary,2004-03-02,
2004 GENERAL - PRESIDENTIAL,31452,General Election,,
Primary Election 2011,31174,State and Local Primary,,
20150910 PR,31004,State and Local Primary,2015-09-10,
PRESIDENTIAL PRIMARY ELECTION 2016,30729,Presidential Primary,2016-04-19,
OYSTER BAY TWN REFERENDUM,30721,,,
2011 Special Election 26th Cong Dist,29325,Special Election,,
2008 PRIMARY ELECTION,29090,State and Local Primary,2008-09-09,
2016 Federal Primary Election,28973,State and Local Primary,,
PRIMARY ELECTION 2011,28357,State and Local Primary,,
2017 Primary Election,28212,State and Local Primary,,
GE 20171107,27763,General Election,2017-11-07,
2009 SPECIAL CONG ELECTION 23RD DIST,27511,Special Election,,
PRIMARY 2013,27214,State and Local Primary,2013-09-10,
"Special Election (2), 2013",26587,Special Election,,
2002 SPECIAL ELECTION,26033,Special Election,,
SPECIAL CONGRESSIONAL ELECTION 2009,25606,Special Election,,
20120424 PP,25084,Presidential Primary,2012-04-24,
20090224 SP,24128,Special Election,2009-02-24,
2008 SEN ELECTION,23768,,,
2008 Special Senate Election,23517,Special Election,,
PRIMARY 2015,23027,State and Local Primary,2015-09-10,
2004 PRESIDENTIAL PRIMARY ELECTION,22943,Presidential Primary,2004-03-02,
2012 Primary Federal Election,22765,,,
PRESIDENTIAL PRIMARY 2012,22424,Presidential Primary,,
2012 PRIMARY ELECTION,22374,State and Local Primary,,
SPECIAL CONGRESSIONAL ELECTION 23RD DIST,22043,Special Election,,
20120320 SP,21940,Special Election,2012-03-20,
Primary Election 2015,21798,State and Local Primary,2015-09-10,
2005 GENERAL,21569,General Election,2005-11-08,
Pres Primary Election 2016,21379,State and Local Primary,2016-04-19,
"Special Election (2), 2009",21333,Special Election,,
2003 GENERAL,21071,General Election,,
2007 GENERAL,20629,General Election,,
SPECIAL CONG ELECTION 2011,20607,Special Election,,
"Presidential Primary, 2012",20481,Presidential Primary,,
2009 Special Election 20th CD,20376,Special Election,,
"Primary Election, 2014",20349,State and Local Primary,,TRUE
2012CONGRESSIONAL PRIMARY,20270,State and Local Primary,,
2002 GENERAL - GUBERNATORIAL,19664,General Election,,
2016 PRIMARY ELECTION,19641,State and Local Primary,,
"Federal Primary, 2014",19314,,2014-06-24,
2009 Special Election,19312,Special Election,,
FED PRIMARY ELECTION,18989,State and Local Primary,,
Special Election 2003,18887,Special Election,,
Presidential Primary Election,18394,Presidential Primary,,
"Federal Primary, 2016",18013,,,
2003 GENERAL ELECTIONS,17759,General Election,,
04 PRESIDENTIAL ELECTION,17638,Presidential Primary,,
PRIMARY 2004,17347,State and Local Primary,2004-09-14,
2012 FEDERAL PRIMARY,17148,State and Local Primary,,
SPECIAL ELECTION 2009,17094,Special Election,,
2012 PRES  ELECTION,17021,State and Local Primary,,
"Primary Election, 2009",16952,State and Local Primary,,
Presidential Primary,16929,Presidential Primary,,
2007 Special Election,16566,Special Election,,
2014 PRIMARY STATE and LOCAL,15651,State and Local Primary,2014-09-09,
FEDERAL PRIMARY ELECTION 2016,15375,State and Local Primary,,
20100316 SP,15257,Special Election,2010-03-16,
116TH AD SPECIAL ELECTION,15151,Special Election,,
20130219 SP,15099,Special Election,2013-02-19,
Special Election 2006,15020,Special Election,,
PR 20170912,14372,State and Local Primary,2017-09-12,
Primary Election 2016,14284,State and Local Primary,,
11/8/2016 General Election,14279,General Election,,
"Federal Primary, 2012",14265,,,
16 BUFFALO SCHOOL BOARD,14039,,,
O6 GENERAL ELECTION,13902,General Election,,
"Special Election (2), 2010",13555,Special Election,,
20100323 SP,13345,Special Election,2010-03-23,
12 FEDERAL PRIMARY,13274,State and Local Primary,,
2014 Federal Primary,13234,,2014-06-24,
PP 20160419,13189,Presidential Primary,2016-04-19,
2012 Special Election 100th & 103rd AD,13087,Special Election,,
"Special Election, 2004",12694,Special Election,,
06 60TH SENATE SPECIAL,12540,Special Election,,
PRIMARY 2016,12442,State and Local Primary,,
2016 PRESIDENTIAL PRIMARY ELECTION,12382,Presidential Primary,2016-04-19,
2016CONGRESSIONAL PRIMARY,12211,State and Local Primary,,
"Special Election(2), 2005",11945,Special Election,,
Primary Federal 2014,11697,,2014-06-24,
48TH SENATE DISTRICT SPECIAL ELECTION,11536,Special Election,,
20170214 SP,11534,Special Election,2017-02-14,
SPECIAL CONGRESSIONAL ELECTION,11319,Special Election,,
"Special Election (1), 2013",10734,Special Election,,
Presidential Primary 2012,10675,Presidential Primary,,
105TH ASSEMBLY SPECIAL ELECTION,10575,Special Election,,
2008 Presidental Primary,10475,,2008-02-05,
Special Election 2005,10320,Special Election,,
AUTUMN PRIMARY,10181,State and Local Primary,,
2002 FEB SPECIAL ELECTION,9936,Special Election,,
PRIMARY 2005,9903,State and Local Primary,2005-09-13,
2012 PRIMARY ELECTION FEDERAL,9762,State and Local Primary,,
"Primary Election, 2007",9646,State and Local Primary,2007-09-18,
2012 Federal Primary Election,9635,State and Local Primary,,
GE 20131105,9556,General Election,2013-11-05,
"Special Election, 2006",9552,Special Election,,
Primary Election 2008,9467,State and Local Primary,2008-09-09,
"Primary Election, 2016",9247,State and Local Primary,,
2012 Primary Federal,9113,,,
Federal Primary 2016,9086,,,
17 GENERAL ELECTION,9057,General Election,,
2011 Special Election 26CD,9052,Special Election,,
"Primary Election, 2015",8975,State and Local Primary,2015-09-10,
TOWN OF N HEMPSTEAD,8962,,,
2014 FEDERAL PRIMARY,8884,State and Local Primary,2014-06-24,
"Special Election (1), 2010",8749,Special Election,,
2014 Primary Election (State & Local),8748,State and Local Primary,2014-09-09,
20170523 SP,8706,Special Election,2017-05-23,
2016 FEDERAL PRIMARY,8570,State and Local Primary,,
Primary Election 2017,8532,State and Local Primary,,
NYS PRESIDENTIAL PRIMARY,8323,Presidential Primary,,
2007 VILLAGE ELECTION,8147,General Election,,
2005 VILLAGE ELECTION,8028,General Election,,
GENERAL ELECTION/SPECIAL ELECTION 2010,7745,General Election,,
"Primary Election, 2008",7706,State and Local Primary,2008-09-09,
2008 PRIMARY ELECTION - PRESIDENTIAL,7647,Presidential Primary,2008-02-05,
"Primary Election, 2012",7487,State and Local Primary,,
FEDERAL OFFICES PRIMARY,7460,State and Local Primary,,
SPEC  ELEC AD16 & LD11,7433,Special Election,,
2006 SPECIAL ELECTION,7375,Special Election,,
20100209 SP,7341,Special Election,2010-02-09,
2005 SPECIAL ASSEMBLY ELECTION,7334,Special Election,,
"Primary Election, 2004",7324,State and Local Primary,2004-09-14,
REPUBLICAN PRIMARY,7306,State and Local Primary,,
PELHAM VILLAGE ELECTION,7261,General Election,,
09 GENERAL ELECTION,7235,General Election,,
2013 Village Election,7108,,,
"Special Election, 2011",7085,Special Election,,
Primary Election 2012,6978,State and Local Primary,,
2006 VILLAGE ELECTION,6865,General Election,,
"Primary Election, 2011",6806,State and Local Primary,,
2009 ANNUAL SCHOOL ELECTION,6779,,,
Federal Primary 2012,6707,,,
GE 20141104,6642,General Election,2014-11-04,
20090915 SP,6529,Special Election,2009-09-15,
FALL PRIMARY,6507,State and Local Primary,,
2017 Local Primary,6361,,,
20080603 SP,6357,Special Election,2008-06-03,
2010 Annual School District Election,6318,,,
Primary Election 2005,6304,State and Local Primary,2005-09-13,
142ND SPECIAL ELECTION,6284,Special Election,,
SPECIAL ELECTION 26TH CON,6279,Special Election,,
PRESIDENTIAL PRIMARY ELECTION 2004,6144,Presidential Primary,2004-03-02,
Pres Primary Election 2008,6086,State and Local Primary,2008-02-05,
SPECIAL ELECTION 19TH LD,6039,Special Election,,
Federal Primary 2014,5956,,2014-06-24,
"Special Election, 2017",5954,Special Election,,
SPECIAL ELECTION 15TH AD,5823,Special Election,,
2008 PRESIDENTAL PRIMARY,5821,State and Local Primary,2008-02-05,
2011 Village Election,5774,,,
2014 Primary Federal Election,5764,,2014-06-24,
2002 LD1 SPECIAL,5735,Special Election,,
PRIMARY FEDERAL 2012,5727,State and Local Primary,,
2003 VILLAGE ELECTION,5551,General Election,,
2007 Primary  Election,5535,,2007-09-18,
2012 VILLAGE ELECTION,5492,General Election,,
2006 Annual School Election,5391,,,
SPECIAL ELECTION 17TH AD,5357,Special Election,,
Primary Election 2002,5303,State and Local Primary,,
2004 VILLAGE ELECTION,5282,General Election,,
2016 Primary Federal Election,5240,,,
FEDERAL PRIMARY 2012,5188,State and Local Primary,,
SPECIAL ELECTION 94TH AD,5179,Special Election,,
"Special Election, 2016",5152,Special Election,,
2012 FEDERAL PRIMARY ELECTION,5076,State and Local Primary,,
PR 20130910,5000,State and Local Primary,2013-09-10,
12TH AD SPECIAL ELECTION,4953,Special Election,,
20080909 PP,4935,State and Local Primary,2008-09-09,
Presidential Primary Election 2008,4776,Presidential Primary,2008-02-05,
2005 SEPTEMBER PRIMARY,4735,State and Local Primary,2005-09-13,
SLEEPY HOLLOW ELECTION,4709,,,
2012 Presidential Primary Election,4609,Presidential Primary,,
2009 Village Election,4594,,,
Federal Primary Election 2012,4555,State and Local Primary,,
2002 VILLAGE ELECTION,4554,General Election,,
2010 VILLAGE ELECTION,4521,General Election,,
2003 SEPTEMBER PRIMARY,4377,State and Local Primary,,
2017 AD 9 SPECIAL,4293,Special Election,,
AUTUMN PRIMARY 2006,4222,State and Local Primary,,
BEEKMANTOWN CENTRAL SCHOOL,4221,,,
SPECIAL ELECTION 2012,4186,Special Election,,
2012 Primary Election - Local,4175,State and Local Primary,,
2010 SEPTEMBER PRIMARY,4121,State and Local Primary,2010-09-14,
2014 FEDERAL PRIMARY ELECTION,4103,State and Local Primary,2014-06-24,
"Special Election (2), 2003",4095,Special Election,,
PRESIDENTIAL PRIMARY 08,4093,Presidential Primary,,
2015 VILLAGE ELECTION,4037,General Election,,
Primary Election 2003,3964,State and Local Primary,,
2003 Annual School Election,3878,,,
2004 SEPT. PRIMARY,3828,State and Local Primary,2004-09-14,
YORKTOWN SPECIAL ELECTION,3825,Special Election,,
20160223 SP,3817,Special Election,2016-02-23,
September Primary Election,3794,State and Local Primary,,
Special Election 2011 26th Cong Dist,3784,Special Election,,
SPECIAL ELECTION 2006,3778,Special Election,,
"NOVEMBER 2ND,2004:GENERAL ELECTION",3695,General Election,,
2014 PRIMARY FEDERAL,3679,State and Local Primary,2014-06-24,
20090602 SP,3678,Special Election,2009-06-02,
2002 SEPTEMBER PRIMARY,3647,State and Local Primary,,
GENERAL ELECTION 11/04/08,3601,General Election,,
2017 SEPTEMBER PRIMARY,3598,State and Local Primary,,
2016 STATE AND LOCAL PRIMARY,3595,State and Local Primary,,
2012 ANNUAL SCHOOL ELECTION,3593,,,
2011 Auburn School District Election,3586,,,
2009 VILLAGE ELECTION,3580,General Election,,
2011 Annual School District Election,3578,,,
SEPTEMBER PRIMARY 2004,3500,State and Local Primary,,
2012 Special Election,3450,Special Election,,
SPECIAL ELECTION 12TH LD,3439,Special Election,,
2003 SPECIAL REFERENDUM,3413,Special Election,,
2014 VILLAGE ELECTION,3409,General Election,,
Pres Primary Election 2012,3397,State and Local Primary,,
2008 Annual School Board Election,3374,,,
2008 Village Election,3367,,,
"Special Election, 2008",3361,Special Election,,
SEPTEMBER PRIMARY 2002,3337,State and Local Primary,,
GENERAL ELECTION:NOVEMBER 6TH 2012,3330,General Election,,
2013 Annual School Election,3328,,,
2003 SPECIAL ELECTION,3308,Special Election,,
2016 NOVEMBER GENERAL,3294,General Election,,
2012 Village Election,3209,,,
2011 VILLAGE ELECTION,3154,General Election,,
2015 SEPTEMBER PRIMARY,3144,State and Local Primary,,
2014 Annual School Election,3118,,,
PRIMARY (STATE AND LOCAL) 2016,3071,State and Local Primary,,
2002 Annual School Election,3046,,,
23rd Federal Special Election,3043,Special Election,,
2005 Annual School Election,3014,,,
PLATTSBURGH CITY SCHOOL DISTRICT,3003,,,
2013 SEPTEMBER PRIMARY ELECTION,3000,State and Local Primary,2013-09-10,
"NOVEMBER 7TH, 2006: GENERAL ELECTION",2980,General Election,,
2015 Village Election,2970,,,
GE 20101102,2957,General Election,2010-11-02,
2016 Primary Federal,2907,,,
96 GENERAL ELECTION,2881,General Election,,
Primary Election 2006,2864,State and Local Primary,,
PRIMARY FEDERAL ELECTION 2012,2864,State and Local Primary,,
2014 Village Election,2843,,,
"GENERAL ELECTION:NOVEMBER 4TH, 2003",2842,General Election,,
Republican Presidential Primary,2837,Presidential Primary,,
TARRYTOWN VILL ELECTION,2830,,,
2013 VILLAGE ELECTION,2811,General Election,,
"GENERAL ELECTION:NOVEMBER 8TH, 2005",2773,General Election,2005-11-08,
VILLAGE ELECTIONS,2723,General Election,,
"GENERAL ELECTION:NOVEMBER 5,2002",2683,General Election,,
06 PRIMARY,2683,State and Local Primary,,
2006 SEPTEMBER PRIMARY,2678,State and Local Primary,,
Special Election 2009,2646,Special Election,,
2004 Annual School Election,2612,,,
2004 SEPTEMBER PRIMARY,2593,State and Local Primary,2004-09-14,
2014 NOVEMBER GENERAL,2534,General Election,2014-11-04,
15TH AD SPECIAL ELECTION,2509,Special Election,,
2016 FEDERAL PRIMARY ELECTION,2506,State and Local Primary,,
State & Local Primary Election 2012,2503,State and Local Primary,,
PRES PRIMARY ELECTION 2004,2454,State and Local Primary,2004-03-02,
Special Election 100th AD,2451,Special Election,,
2013 GENERAL ELECTION NOVEMBER 5 2013,2439,General Election,,
2010 SENECA FALLS VILLAGE ELECTION,2429,General Election,,
2006 SPECIAL ELECTION MAY,2409,Special Election,,
2014 Primary Election (STATE AND LOCAL),2408,State and Local Primary,2014-09-09,
PRIMARY ELECTION REPUBLICAN,2399,State and Local Primary,,
FEDERAL PRIMARY ELECTION,2388,State and Local Primary,,
2003 ANNUAL SCHOOL ELECTION,2362,,,
2000 GENERAL ELECTION,2359,General Election,,
BEDFORD SPECIAL ELECTION,2337,Special Election,,
FEDERAL PRIMARY 2014,2320,State and Local Primary,2014-06-24,
SEPTEMBER PRIMARY 2006,2319,State and Local Primary,,
2012 Congressional Primary Election,2280,State and Local Primary,,
Elmira Northside,2275,,,
PRIMARY,2267,State and Local Primary,,
17 PRIMARY ELECTION,2261,State and Local Primary,,
Southport Special Election,2250,Special Election,,
2010 Village Election,2199,,,
VILLAGE ELECTION 2005,2149,General Election,,
REPUBLICAN PRESIDENTIAL PRIMARY,2145,Presidential Primary,,
CITY SCHOOL DISTRICT VOTE,2117,,,
2015 NOVEMBER GENERAL ELECTION,2096,General Election,,
SCHOOL ELECT. 2005 (PERU),2095,,,
2015 Annual School Election,2087,,,
"State and Local for Military, 2016",2074,,,
2011 PRIMARY,2054,State and Local Primary,,
98 GENERAL ELECTION,2042,General Election,,
2016 SEPTEMBER PRIMARY,2029,State and Local Primary,,
PORT CHESTER VIL ELECTION,2028,,,
2010 PRIMARY,2027,State and Local Primary,2010-09-14,
PERU CENTRAL SCHOOL DISTRICT,2009,,,
PRIMARY 2012,1998,State and Local Primary,,
Federal Primary,1988,,,
FALL PRIMARY 2002,1973,State and Local Primary,,
BROCKPORT VILLAGE ELECTION,1971,General Election,,
Democratiic Presidential Primary,1964,Presidential Primary,,
99 GENERAL ELECTION,1963,General Election,,
FEDERAL PRIMARY,1958,State and Local Primary,,
2017 LOCAL PRIMARY,1955,State and Local Primary,,
2002 ANNUAL SCHOOL ELECTION,1949,,,
2016 Congressional Primary,1921,,,
2012 CONGRESSIONAL PRIMARY,1911,State and Local Primary,,
Elmira Southside,1894,,,
2009 Schenectady CSD Budget Revote,1887,,,
2005 SPECIAL ELECTION 57TH SD,1872,Special Election,,
2017 Village Election,1869,,,
2010 SCHENECTADY CSD BUDGET RE-VOTE,1861,General Election,,
2008 SENECA FALLS VILLAGE,1852,General Election,,
PRIMARY FEDERAL ELECTION 2016,1843,State and Local Primary,,
2008 Village Elections,1821,,,
12 FALL PRIMARY ELECTION,1792,State and Local Primary,,
2005 ANNUAL SCHOOL ELECTION,1791,,,
2007 FALL PRIMARY,1781,State and Local Primary,2007-09-18,
Federal Primary Elections,1781,State and Local Primary,,
DEMOCRATIC  PRIMARY,1774,State and Local Primary,,
Primary Federal Election,1771,,,
97 GENERAL ELECTION,1766,General Election,,
CITY SCHOOL REVOTE,1701,,,
PRIMARY FEDERAL ELECTION 2014,1693,State and Local Primary,2014-06-24,
20080205 ??,1688,Presidential Primary,2008-02-05,
SEPTEMBER PRIMARY 2003,1652,State and Local Primary,,
DOBBS FERRY SPECIAL,1644,Special Election,,
VILLAGE ELECTION 2003,1643,General Election,,
PLATTSBURGH CITY SCHOOL VOTE,1620,,,
2002 VILLAGE,1579,General Election,,
SCHOOL ELECT. 2006 (PERU),1551,,,
2007 SEPTEMBER PRIMARY,1540,State and Local Primary,2007-09-18,
2014 CONGRESSIONAL PRIMARY,1535,State and Local Primary,2014-06-24,
2004 ANNUAL SCHOOL ELECTION,1533,,,
2011 SEPTEMBER PRIMARY,1532,State and Local Primary,,
2016 APRIL PRIMARY,1529,State and Local Primary,,
2009 Village Elections,1499,,,
2008 VILLAGE ELECTION,1496,General Election,,
2008 VILLAGES,1495,General Election,,
Beekmantown Central School,1494,,,
2012 FED REP PRIMARY,1475,State and Local Primary,,
TOWN OF WALWORTH SPECIAL ELECTION,1462,Special Election,,
GE 20091103,1457,General Election,2009-11-03,
2013 STATE PRIMARY,1449,State and Local Primary,,
95 GENERAL ELECTION,1428,General Election,,
2009 Special Federal Election,1422,Special Election,,
SPECIAL ELECTION-ASSEMBLY 149TH,1421,Special Election,,
2017 Local Primary Election,1409,State and Local Primary,,
ELMSFORD VILLAGE ELECTION,1400,General Election,,
2006 General Election,1393,General Election,,
SPECIAL SCOTIA VILLAGE BOND VOTE,1382,General Election,,
2010 NISKY CONS FD NO 1 BOND ISSUE SPEC,1373,Special Election,,
2004 PRIMARY ELECTION - PRES.,1348,State and Local Primary,2004-03-02,
2010 VILLAGE ELECTIONS,1346,General Election,,
FALL PRIMARY 2004,1344,State and Local Primary,2004-09-14,
PELHAM  VILLAGE ELECTION,1332,General Election,,
GE 20151103,1326,General Election,2015-11-03,
SPECIAL ELEC TOWN OF PLATTSBURGH 2004,1319,Special Election,,
TARRYTOWN VIL ELECTION,1295,,,
PENN YAN VILLAGE ELECTION,1287,General Election,,
Primary Election Republican,1273,State and Local Primary,,
"Special Election (1), 2015",1270,Special Election,,
VILLAGE ELECTION 2004,1239,General Election,,
2012 PRIMARY FEDERAL ELECTION,1237,State and Local Primary,,
2016 GENERAL STATE & LOCAL ELECTION,1233,General Election,,
2010 Village of Lakewood Special Vote,1224,Special Election,,
2007 VILLAGE ELECTIONS,1214,General Election,,
VILLAGE ELECTION 2014,1200,General Election,,
2004 VILLAGE,1187,General Election,,
2009 SEPTEMBER PRIMARY,1186,State and Local Primary,,
2006 MT. MORRIS SPECIAL,1180,Special Election,,
2012 PRESIDENTIAL PRIMARY ELECTION,1173,Presidential Primary,,
VILLAGE ELECTION 2007,1167,General Election,,
SPECIAL ELECTION FEBRUARY 2006,1163,Special Election,,
Jan 2007 Special City Schools,1151,Special Election,,
Pres Primary Election 2004,1147,State and Local Primary,2004-03-02,
Village Election June,1142,,,
2003 VILLAGE OF WATERLOO,1131,General Election,,
CITY SCHOOL VOTE 2010,1128,,,
VILLAGE ELECTIONS 2015,1126,General Election,,
2007 VILLAGE OF WATERLOO,1125,General Election,,
2005 VILLAGE,1124,General Election,,
VILLAGE OF MACEDON SPECIAL ELECTION,1122,General Election,,
DEMOCRATIC PRIMARY,1110,State and Local Primary,,
JAN 2004 SPECIAL CITY SCHOOL DISTRICT EL,1108,Special Election,,
Village of Owego 2010,1103,,,
"Sewer District No. 26 Election, 2015",1102,,,
PERU CENTRAL SCHOOL 2010 ELECTION,1098,,,
2016 STATE/LOCAL PRIMARY,1095,State and Local Primary,,
Primary Federal Election 2012,1078,,,
"PRIMARY ELECTION:SEPTEMBER 10, 2002",1064,State and Local Primary,,
SCHOOL ELECT. 2003 (CITY OF PLATTSBURGH),1063,,,
VILLAGE ELECTIONS 2009,1050,General Election,,
2012 JUNE VILLAGE ELECTION,1048,General Election,,
2008 FALL PRIMARY,1014,State and Local Primary,,
BROCKPORT VILLAGE 2013,1013,General Election,,
PLATTSBURGH CITY SCHOOL,1005,,,
VILLAGE ELECTIONS 2003,1004,General Election,,
SCHENECTADY CSD SPECIAL ELECTION,993,Special Election,,
PR 20140909,987,State and Local Primary,2014-09-09,
2012 MARCH VILLAGE ELECTION,982,General Election,,
2004 CHITTENANGO VILLAGE ELECTION,981,General Election,,
2010 JUNE VILLAGE OF ELECTION,975,General Election,,
2004 DEMORATIC PRESIDENTIAL PRIMARY,966,Presidential Primary,2004-03-02,
Peru Central,960,,,
VILLAGE ELECTION 2002,959,General Election,,
"PRIMARY ELECTIONS:SEPTEMBER 9TH, 2003",954,State and Local Primary,,
2009 JUNE VILLAGE ELECTION,953,General Election,,
VILLAGE ELECTIONS 2007,946,General Election,,
SCHOOL ELECT. 2005 (CITY OF PLATTSBURGH),936,,,
2001 GENERAL  ELECTION,928,General Election,,
AUTUMN PRIMARY 2012,926,State and Local Primary,,
BROCKPORT VILLAGE ELECTION 06,926,General Election,,
20080205 PR,925,State and Local Primary,2008-02-05,
Peru Central School Election,918,,,
COUNTY WIDE REFERENDUM,916,,,
State Primary-Republican,912,,,
SALAMANCA CITY SCHOOL eLECTION,906,,,
2006 NISKAYUNA FIRE DISTRICT NO. 1,903,,,
2003 VILLAGE,900,General Election,,
2002 General Election,898,General Election,,
OCT 2007 SPECIAL CITY SCHOOLS ELECTION,893,Special Election,,
PRIMARY ELECTION,893,State and Local Primary,,
VILLAGE ELECTIONS 2014,891,General Election,,
2006 VILLAGE,884,General Election,,
2011 VILLAGE OF WATERLOO,879,General Election,,
"SEPTEMBER PRIMARY:SEPTEMBER 13TH, 2005",863,State and Local Primary,,
VILLAGE ELECTIONS 2013,862,General Election,,
VILLAGE ELECTION 2008,862,General Election,,
VILLAGE ELECTION 2015,859,General Election,,
VILLAGE OF OWEGO 2006,855,General Election,,
Republican Federal Primary,854,,,
SCHOOL ELECT. 2004 (CITY OF PLATTSBURGH),849,,,
2005 CAZENOVIA VILLAGE ELECTION,845,General Election,,
2014 STATE PRIMARY,844,State and Local Primary,2014-09-09,
VILLAGE OF OWEGO 2012,844,General Election,,
2004 VILLAGE ELECTIONS,839,General Election,,
1999 GENERAL ELECTION,835,General Election,,
PRIMARY ELECTION DEMOCRAT,834,State and Local Primary,,
2015 VILLAGE OF WATERLOO,833,General Election,,
PERU CENTRAL DISTRICT VOTE,830,,,
RO 20131001,825,,2013-10-01,
2010 MARCH VILLAGE ELECTION,824,General Election,,
FALL PRIMARY 2003,822,State and Local Primary,,
"SEPTEMBER 12TH, 2006: PRIMARY ELECTION",817,State and Local Primary,,
VILLAGE ELECTION,810,General Election,,
2014 Federal Primary Election,801,State and Local Primary,2014-06-24,
SP17,798,Special Election,,
2012 Federal Primary,778,,,
2005 VILLAGE ELECTIONS,768,General Election,,
20131001 PR,756,State and Local Primary,2013-10-01,
2017 VILLAGE ELECTION,742,General Election,,
PR 20160913,742,State and Local Primary,2016-09-13,
2007 VILLAGE,734,General Election,,
95 PRIMARY ELECTION,730,State and Local Primary,,
VILLAGE ELECTIONS 2005,725,General Election,,
SCHOOL ELECT. 2002 (CITY OF PLATTSBURGH),722,,,
VILLAGE ELECTIONS MARCH 2017,720,General Election,,
VILLAGE ELECTION 2009,719,General Election,,
2012 SEPTEMBER Primary Election,718,State and Local Primary,,
04 PRESIDENTIAL PRIMARY,711,Presidential Primary,,
2005 SPECIAL ASSEMBLY 149TH DISTRICT,704,Special Election,,
Village of Owego 2011,687,,,
SPECIAL PRIMARY ELECTION 2004,680,State and Local Primary,,
2015 School Board Election,677,,,
2011 JUNE VILLAGE ELECTION,669,General Election,,
2006 SENECA FALLS VILLAGE,668,General Election,,
PRESIDENTIAL PRIMARY  2004,663,Presidential Primary,2004-03-02,
BROCKPORT VILLAGE 2016,660,General Election,,
Village of Owego 2014,655,,,
2007 Special School District Meeting,654,Special Election,,
Village Election March 2012,651,,,
"Special Election, 2003",650,Special Election,,
VILLAGE ELECTION 2006,648,General Election,,
08 GENERAL ELECTION,648,General Election,,
BROCKPORT VILLAGE 2008,640,General Election,,
2008 School District Election,639,,,
TOWN OF MACEDON SPECIAL ELECTION,637,Special Election,,
Peru Central School,636,,,
PRIMARY ELECTION SEPTEMBER,634,State and Local Primary,,
Primary Federal Election 6/26/2012,633,,,
2013 Primary September 10 2013,628,,,
VILLAGE ELECTIONS 2011,623,General Election,,
2006 VILLAGE ELECTIONS,619,General Election,,
2014 VILLAGE ELECTIONS,613,General Election,,
2007 CAZENOVIA VILLAGE ELECTION,613,General Election,,
PR 20140624,607,State and Local Primary,2014-06-24,
GENERAL STATE & LOCAL ELECTION 2012,605,General Election,,
2001 GENERAL ELECTION,599,General Election,,
2004 General Election,599,General Election,2004-11-02,
FEDERAL PRIMARY ELECTION JUNE 24 2014,598,State and Local Primary,2014-06-24,
99 PRIMARY ELECTION,593,State and Local Primary,,
2009 VILLAGE WATERLOO,591,General Election,,
2008 CANASTOTA VILLAGE ELECTION,589,General Election,,
Democratic Primary,588,,,
Village of Owego 2015,575,,,
2015 JUNE VILLAGE ELECTION,572,General Election,,
VILLAGE ELECTIONS 2006,567,General Election,,
Democratic Federal Primary,558,,,
2003 ANGELICA SPECIAL ELECTION,557,General Election,,
Primary Election Democrat,556,State and Local Primary,,
2002 SENECA FALLS VILLAGE,546,General Election,,
2008 SPECIAL ELECTION,545,Special Election,,
PLATTSBURGH CAPITAL PROJECT VOTE,544,State and Local Primary,,
97 PRIMARY ELECTION,531,State and Local Primary,,
WLSV SPECIAL,530,Special Election,,
2012 PRESIDENTAL PRIMARY,524,State and Local Primary,,
PRIMARY (STATE AND LOCAL),521,State and Local Primary,,
2014 STATE/LOCAL PRIMARY,517,State and Local Primary,2014-09-09,
2013 JUNE VILLAGE ELECTION,517,General Election,,
"Special Election (2), 2002",516,Special Election,,
Primary Federal 2016,499,,,
2012 GENERAL S & L ELECTION,496,General Election,,
2010 School District Election,492,,,
2012 SEPTEMBER PRIMARY,492,State and Local Primary,,
2014 State and Local General Election,489,General Election,,
2017 VILLAGE OF WATERLOO ELECTION,486,General Election,,
Village Election 2010,485,,,
2013 PRIMARY  ELECTION,480,State and Local Primary,,
VILLAGE ELECTIONS 2002,475,General Election,,
2010 ANNUAL FIRE DISTRICT ELECTION,472,,,
2004 VILLAGE OF WOODRIDGE,469,General Election,,
SEPTEMBER PRIMARY 2005,467,State and Local Primary,,
2012 VILLAGE OF LOWVILLE RUN-OFF,462,General Election,,
2011 School District Election,455,,,
Village Election March 2011,454,,,
2005 SENECA FALLS VILLAGE,453,General Election,,
PERU CENTRAL SCHOOL ELECTION,443,,,
CITY OF AMSTERDAM SPECIAL ELECTION,434,Special Election,,
2008 Special Election Leg 12,433,Special Election,,
2015 SPECIAL ELECTION,431,Special Election,,
2014 School Board Election,430,,,
OWEGO APALACHIN SCHOOL DISTRICT,426,,,
PRESIDENTIAL SPRING PRIMARY: 4/24/12,423,Presidential Primary,,
CATTARAUGUS-LITTLE VALLEY CENTRAL SCHOOL,421,,,
20130910 RO,415,,2013-09-10,
20071106 ??,408,General Election,2007-11-06,
2013 VILLAGE OF WATERLOO,395,General Election,,
2013 School Board Election,395,,,
VILLAGE ELECTION 2010,393,General Election,,
04 FALL PRIMARY ELECTION,390,State and Local Primary,,
2015 VILLAGE ELECTIONS,390,General Election,,
2009 School District Election and Budget,386,,,
2015 STATE PRIMARY,381,State and Local Primary,,
2004 ANNUAL FIRE DISTRICT ELECTION,379,,,
Village Election 2012,378,,,
2008 HAMILTON VILLAGE ELECTION,377,General Election,,
SEPTEMBER PRIMARY,374,State and Local Primary,,
2003 VILLAGE ELECTIONS,370,General Election,,
2012 GENERAL STATE & LOCAL ELECTION,369,General Election,,
SP 20160419,366,Special Election,2016-04-19,
2015 KINGSBURY SPECIAL ELECTION,364,Special Election,,
VILLAGE ELECTION 2013,363,General Election,,
Federal Primary Election-Republican,363,State and Local Primary,,
2003 ANNUAL FIRE DISTRICT ELECTION,349,,,
2000 PRES PRIMARY,346,State and Local Primary,,
2009 SPECIAL FEDERAL ELECTION,338,Special Election,,
2005 ANNUAL FIRE DISTRICT ELECTION,335,,,
2015 REPUBLICAN PRIMARY,334,State and Local Primary,,
2006 CAZENOVIA VILLAGE ELECTION,331,General Election,,
RYE BROOK VILL ELECTION,331,,,
2007 Annual Fire District Election,316,,,
2014 SPECIAL DISTRICT VOTE,310,Special Election,,
VILLAGE OF LOWVILLE,309,General Election,,
2017 PRIMARY,307,State and Local Primary,,
2013 OXFORD VILLAGE ELECTION,306,General Election,,
"Special Election, 2005",305,Special Election,,
2012 STATE AND LOCAL ONLY GENERAL,304,General Election,,
20081104 PR,302,State and Local Primary,2008-11-04,
PR 20110913,300,State and Local Primary,2011-09-13,
96 PRIMARY ELECTION,300,State and Local Primary,,
2012 LANSING VILLAGE,300,General Election,,
2012 Glenville Special Election,294,Special Election,,
2002 VILLAGE OF WOODRIDGE,292,General Election,,
2012 SCHONOWE SPECIAL ELECTION,289,Special Election,,
2008 VILLAGE,288,General Election,,
2014 JUNE VILLAGE ELECTION,286,General Election,2014-06-24,
20081028 GE,284,General Election,2008-10-28,
VILLAGE OF OWEGO 2013,282,General Election,,
2013 ANNUAL FIRE DISTRICT ELECTIONS,276,,,
Yorkville Village Election,273,,,
2008 CAZENOVIA VILLAGE ELECTION,272,General Election,,
GE 20121106,270,General Election,2012-11-06,
Re-Vote Rotterdam Fire District,268,,,
GENESEE SPECIAL ELECTION,262,General Election,,
VILLAGE ELECTION 2011,259,General Election,,
SPRING PRESIDENTIAL PRIMARY,258,Presidential Primary,,
2012 ANNUAL FIRE DISTRICT ELECTIONS,252,,,
2006 Annual Fire District Election,251,,,
Federal Primary Election-Democrat,251,State and Local Primary,,
2003 VILLAGE OF WOODRIDGE,248,General Election,,
Village Election March 2013,242,,,
2008 September Primary,242,,,
2012 GENERAL/STATE LOCAL ELECTION,240,General Election,,
2011 Victory Town Referendum,239,,,
2002 THOMAS CORNERS FIRE DIST. #7,234,,,
2009 MARCH VILLAGE ELECTION,230,General Election,,
PRIMARY 2008,230,State and Local Primary,,
2010 VOW RUN OFF,229,,,
SPECIAL ELECTION 2ND LD,229,Special Election,,
VILLAGE OF SALEM REFERENDUM,228,General Election,,
2013 School District Election,227,,,
2001 PRIMARY ELECTION,226,State and Local Primary,,
2010 VILLAGE OF LOWVILLE,218,General Election,,
2014 VBL SPECIAL,209,Special Election,,
SPECIAL ELECTION (LEG) 2007,203,Special Election,,
SCHOOL BOARD,202,,,
PRIMARY FAMILY COURT JUDGE,201,General Election,,
2008 CHITTENANGO VILLAGE ELECTION,199,General Election,,
2011 ANNUAL FIRE ELECTION,199,,,
9/12/17 Reform Party Primary,198,,,
BROCKPORT VILLAGE 2014,196,General Election,,
SP 20150505,196,Special Election,2015-05-05,
VILLAGE OF CHATHAM ELECTION 2014,195,General Election,,
BROCKPORT VILLAGE 2015,194,General Election,,
20090929 PR,189,State and Local Primary,2009-09-29,
2011 LEICESTER VILLAGE SPECIAL,187,General Election,,
2013 Cassadaga Valley Water Proposition,186,,,
2007 Annual School Election,182,,,
RYE BROOK VIL ELECTION,180,,,
SPECIAL ELECTION MARATHON 2012,179,Special Election,,
2009 EARLVILLE VILLAGE SPECIAL ELECTION,175,General Election,,
2014 SEPTEMBER PRIMARY,175,State and Local Primary,2014-09-09,
2008 LOCAL REGISTRATION DAY,173,,,
VILLAGE OF SODUS POINT SPECIAL ELECTION,173,General Election,,
2005 VILLAGE OF WOODRIDGE,172,General Election,,
2005 Annual Fire District Election,172,,,
2016 GENERAL/STATE LOCAL ELECTION,169,General Election,,
2000 General Election,168,General Election,,
VILLAGE ELECTIONS 2016,168,General Election,,
Village Election 2011,165,,,
Village Red Hook Wastewater Referendum,165,,,
2012 General State & Local ONLY,165,General Election,,
TOWN OF WATSON SPECIAL ELECTION,160,Special Election,,
Village Election March 2014,160,,,
2014 MARCH VILLAGE ELECTION,159,General Election,,
2007 BUDGET VOTE&ELECTION/CATT-LV SCHOOL,159,General Election,,
Owego Apalachin School District 1,157,,,
2004 Presidential Primary,150,Presidential Primary,,
GENERAL - STATE AND LOCAL ONLY 2016,149,General Election,,
2013 Victory Town Referndum,147,,,
09/12/2017 Conservative Primary,144,,,
IRVINGTON VILL ELECTION,143,,,
2010 Village Elections,142,,,
2015 LANSING VILLAGE,142,General Election,,
STATE AND LOCAL ONLY GENERAL ELECT 2012,138,General Election,,
2015 Primary  Election,135,,,
2005 WATERLOO VILLAGE,134,General Election,,
REP PRESIDENTIAL PRIMARY,134,Presidential Primary,,
PENN YAN VILLAGE ELECTION 2011,131,General Election,,
VILLAGE OF CHATHAM ELECTION,130,General Election,,
"FALL PRIMARY ELECTION:SEPTEMBER 14,2004",129,State and Local Primary,,
2004 LANSING VILLAGE ELECTION,128,General Election,,
1969 Primary Election,128,State and Local Primary,,
2016 CD 3 REP FED PRIMARY,127,State and Local Primary,,
VILLAGE ELECTIONS 2010,126,General Election,,
2011 LANSING VILLAGE,125,General Election,,
Village of Wolcott 2015,125,,,
PR 20160628,124,State and Local Primary,2016-06-28,
VILLAGE ELECTION 2012,122,General Election,,
General State & Local Elect 2016,119,General Election,,
2000 VILLAGE ELECTION,119,General Election,,
2001 General Election,117,General Election,,
Ulysses Special Election,116,Special Election,,
NORTHERN ADIRONDACK CENTRAL SCHOOL,113,,,
EARLVILLE VILLAGE SPECIAL ELECTION,111,General Election,,
2007 SPECIAL LEG 3,109,Special Election,,
SPECIAL PRIMARY-LD #17,109,State and Local Primary,,
2005 General Election,107,General Election,,
2011 OXFORD VILLAGE ELECTION,104,General Election,,
2011 MARCH VILLAGE ELECTION,102,General Election,,
2010 EARLVILLE VILLAGE ELECTION,101,General Election,,
2013 MARCH VILLAGE ELECTION,100,General Election,,
2008 Lansing Village,100,,,
2003 GROVELAND-SPARTA SEWER,99,Special Election,,
2008 TANNERSVILLE VILLAGE ELECTION,97,General Election,,
2014 LANSING VILLAGE,97,General Election,,
2005 VILLAGE ELECTION HARRISVILLE,97,General Election,,
2003 General Election,95,General Election,,
2007 GUILFORD FIRE DISTRICT,95,,,
20081110 GE,94,General Election,2008-11-10,
2000 PRIMARY ELECTION,94,State and Local Primary,,
2011 Moravia Village Election,94,,,
2012 DISTRICT VOTE,91,,,
2006 CHITTENANGO VILLAGE ELECTION,90,General Election,,
2014 General State & Local Election,89,General Election,,
Village Election March 2015,88,,,
2013 Village of Delanson Election,88,,,
2006 LANSING VILLAGE,87,General Election,,
YORKVILLE VILLAGE ELECTION 2013,87,General Election,,
VILLAGE ELECTIONS 2008,87,General Election,,
GENERAL STATE & LOCAL ELECTION 2014,85,General Election,,
1998 General Election,84,General Election,,
2006 CANASTOTA VILLAGE ELECTION,83,General Election,,
1996 General Election,83,General Election,,
2005 CANASTOTA VILLAGE ELECTION,82,General Election,,
1990 PRIMARY Election,82,State and Local Primary,,
2005 LANSING VILLAGE ELECTION,80,General Election,,
2008 EARLVILLE VILLAGE ELECTION,80,General Election,,
2014 GENERAL/STATE LOCAL ELECTION,80,General Election,,
2010 LANSING VILLAGE ELECTION,79,General Election,,
2011 EARLVILLE VILLAGE ELECTION,78,General Election,,
1997 SEPTEMBER PRIMARY,77,State and Local Primary,,
2003 LANSING VILLAGE ELECTION,76,General Election,,
2009 EARLVILLE VILLAGE ELECTION,76,General Election,,
08 PRESIDENTIAL ELECTION,75,Presidential Primary,,
2008 ANNUAL FIRE DISTRICT ELECTION,75,,,
2006 ANNUAL FIRE DISTRICT ELECTION,75,,,
2014 STATE AND LOCAL ONLY GENERAL,75,General Election,,
VILLAGE OF FULTONVILLE,74,General Election,,
PR 20150910,72,State and Local Primary,2015-09-10,
2004 CONESUS SEWER VOTE,72,,,
2004 CANASTOTA VILLAGE ELECTION,72,General Election,,
20081111 GE,71,General Election,2008-11-11,
2009 ANNUAL FIRE DISTRICT ELECTION,70,,,
144TH ASSEMBLY SPECIAL,69,Special Election,,
2013 EARLVILLE VILLAGE ELECTION,69,General Election,,
2014 OXFORD VILLAGE ELECTON,68,General Election,,
2013 LANSING VILLAGE,67,General Election,,
2002 LANSING VILLAGE ELECTION,67,General Election,,
2009 Lansing Village,66,,,
145TH ASSEMBLY SPECIAL,65,Special Election,,
2007 Groveland-Sparta Sewer,64,,,
20090929 Run Off,63,,2009-09-29,
2014 VILLAGE OF LOWVILLE,62,General Election,,
2012 STATE AND LOCAL GENERAL ELECTION,61,General Election,,
General Election 2000,59,General Election,,
20160419 PR,59,State and Local Primary,2016-04-19,
FALL PRESIDENTIAL PRIMARY 09/09/08,59,Presidential Primary,,
2010 OXFORD VILLAGE ELECTION,59,General Election,,
20091103 PR,56,State and Local Primary,2009-11-03,
1997 General Election,56,General Election,,
1999 General Election,55,General Election,,
2016 GENERAL STATE AND LOCAL ELECTION,55,General Election,,
2017 Village of Delanson Annual Election,54,,,
General State & Local Elect 2014,54,General Election,,
SCOTTSVILLE ELECTION 2002,53,,,
20090915 GE,53,General Election,2009-09-15,
2012 OXFORD VILLAGE ELECTION,53,General Election,,
2016 State & local General Election,52,General Election,,
2016 VILLAGE ELECTION,52,General Election,,
2008 TOWN OF LYONSDALE,52,,,
2015 Oxford Village Election,52,,,
2016 General State & Local Election,51,General Election,,
2012 STATE AND LOCAL GENERAL ELECT,49,General Election,,
SEPTEMBER PRIMARY ELECTION,49,State and Local Primary,,
2014 State & local General Election,48,General Election,,
2002 ANNUAL FIRE DISTRICT ELECTION,46,,,
GENERAL - STATE AND LOCAL,46,General Election,,
20170926 PR,46,State and Local Primary,2017-09-26,
2004 CAZENOVIA VILLAGE ELECTION,45,General Election,,
General Election 1996,44,General Election,,
20080205 SP,43,Special Election,2008-02-05,
GENERAL ELECTION 2000,43,General Election,,
1995 General Election,42,General Election,,
1994 General Election,41,General Election,,
20080909 SP,41,Special Election,2008-09-09,
1992 Primary Election,40,State and Local Primary,,
Conservative PRIMARY 2010,40,State and Local Primary,,
2014 GENERAL STATE & LOCAL ELECTION,39,General Election,,
57TH ST SENATE ELECTION,39,,,
2009 Rensselaer School Election,38,,,
20090930 RO,38,,2009-09-30,
CANASERAGA SPECIAL,38,Special Election,,
20090929 SP,36,Special Election,2009-09-29,
20170912 RO,36,,2017-09-12,
ROTTERDAM FD #3 SPECIAL ELECTION,35,Special Election,,
12 PRESIDENTIAL PRIMARY,35,Presidential Primary,,
Conservative Primary,35,,,
2014 STATE AND LOCAL GENERAL,35,General Election,,
2016 General State & Local Elections,35,General Election,,
20160628 PP,35,Presidential Primary,2016-06-28,
2008 OXFORD VILLAGE ELECTION,34,General Election,,
General Election 2001,34,General Election,,
2014 ANNUAL FIRE DISTRICT ELECTIONS,33,,,
General Election 1998,33,General Election,,
2014 Rensselaer School Election,33,,,
20131001 PP,33,Presidential Primary,2013-10-01,
2012 EARLVILLE VILLAGE ELECTION,33,General Election,,
20081105 GE,32,General Election,2008-11-05,
GENERAL STATE & LOCAL ELECTION 2016,32,General Election,,
2006 Primary Election,32,State and Local Primary,,
2015 Rensselaer School Election,31,,,
2000 SPECIAL ELECTION,31,Special Election,,
2012 State and Local General Election,31,General Election,,
2015 MARCH VILLAGE ELECTION,31,General Election,,
BROCKPORT VILLAGE ELECTION 05,30,General Election,,
2009 OXFORD VILLAGE ELECTION,30,General Election,,
General Election 1997,29,General Election,,
General State and Local military only,29,General Election,,
1992 General Election,29,General Election,,
2016 GENERAL STATE & LOCAL,29,General Election,,
20080916 PR,28,State and Local Primary,2008-09-16,
20041102 GE,28,General Election,2004-11-02,
2016 STATE AND LOCAL ONLY GENERAL,28,General Election,,
2014 GENERAL S & L ELECTION,27,General Election,,
2014 GENERAL SPECIAL FEDERAL,27,General Election,,
GENERAL 2000,27,General Election,,
General Election 1999,27,General Election,,
2012 General State & Local Eelction,27,General Election,,
20130219 GE,26,General Election,2013-02-19,
2012 GENERAL STATE/LOCAL ELECTION,26,General Election,,
2015 Earlville Village Election,26,,,
PR,26,State and Local Primary,,
2016 GENERAL S & L ELECTION,26,General Election,,
1993 General Election,25,General Election,,
20080910 PR,25,State and Local Primary,2008-09-10,
BROCKPORT VILLAGE 2011,24,General Election,,
20080909 GE,23,General Election,2008-09-09,
2002 Primary Election,23,State and Local Primary,,
GENERAL ELECTION 2001,23,General Election,,
VILLAGE ELECTIONS 2012,23,General Election,,
20080902 PR,22,State and Local Primary,2008-09-02,
SPECIAL MAYORAL ELECTION 2011,22,Special Election,,
1989 General Election,22,General Election,,
2005 CARMEN FIRE DISTRICT ELECTION,21,,,
1997 GENERAL ELECTION,21,General Election,,
20090915 RO,20,,2009-09-15,
2012 STATE AND LOCAL ONLY GENERAL ELECT,20,General Election,,
29TH CONGRESSIONAL SPECIAL ELECTION,20,Special Election,,
General Election 1992,20,General Election,,
1998 GENERAL ELECTION,20,General Election,,
20090929,20,,2009-09-29,
08 PRIMARY,20,State and Local Primary,,
2016 GENERAL STATE/LOCAL ELECTION,19,General Election,,
20061107 GE,19,General Election,2006-11-07,
20080912 PR,19,State and Local Primary,2008-09-12,
2008 MT MORRIS SPECIAL ELECTION,18,Special Election,,
2014 STATE AND LOCAL MIL ONLY,18,,,
General State and Local 2014,18,General Election,,
GENERAL STATE AND LOCAL ELECTION 2014,18,General Election,,
2014 GENERAL STATE & LOCAL BALLOT,18,General Election,,
2005 Primary Election,17,State and Local Primary,,
General Election 1995,16,General Election,,
2004 Primary Election,16,State and Local Primary,,
General Election 1994,16,General Election,,
1998 VILLAGE OF LIBERTY,16,General Election,,
2009 FEDERAL ELECTION,16,,,
2011 Rensselaer School Election,15,,,
GENERAL STATE MILITARY,15,General Election,,
2014 EARLVILLE VILLAGE ELECTION,14,General Election,,
20170912 SP,14,Special Election,2017-09-12,
2000 Presidential Primary Election,14,Presidential Primary,,
SPEC  ELEC AD16  LD11,14,Special Election,,
SCOTTSVILLE ELECTION 2004,14,,,
1998 Primary Election,14,State and Local Primary,,
2000 Presidential Primary,14,Presidential Primary,,
Election # 961105,14,,,
1992 GENERAL PRESIDENTIAL,14,General Election,,
20081103 GE,14,General Election,2008-11-03,
2000 Primary Election,14,State and Local Primary,,
2014 VILLAGE OF DELANSON,14,General Election,,
Election # 981103,13,,,
2013 Mohonasen Special Election,13,Special Election,,
20071102 GE,13,General Election,2007-11-02,
2014 GENERAL STATE ELECTION,13,General Election,,
GENERAL 2001,12,General Election,,
20130909 PR,12,State and Local Primary,2013-09-09,
2007106 GE,12,General Election,,
1991 General Election,11,General Election,,
20021105 GE,11,General Election,2002-11-05,
GENERAL STATE AND LOCAL MIL ONLY,11,General Election,,
20001107 GE,11,General Election,2000-11-07,
FD ELECTION AUSABLE 2007,11,,,
1999 Primary Election,11,State and Local Primary,,
KINGSTON SCHOOL DISTRICT ELECTION,11,,,
20051108 GE,11,General Election,2005-11-08,
1990 General Election,10,General Election,,
2014 STATE AND LOCAL GENERAL ELECTION,10,General Election,,
1996 GENERAL ELECTION,10,General Election,,
General Election 1993,10,General Election,,
20081104,10,,2008-11-04,
2001 Primary Election,10,State and Local Primary,,
20080913 PR,9,State and Local Primary,2008-09-13,
20090205 PP,9,Presidential Primary,2009-02-05,
1997 Primary Election,9,State and Local Primary,,
20080911 PR,9,State and Local Primary,2008-09-11,
20080205,9,,2008-02-05,
2012 General State & Local Election,9,General Election,,
20081204 GE,9,General Election,2008-12-04,
1999 PRIMARY ELECTION,9,State and Local Primary,,
General State and Local MIL Only,9,General Election,,
Election # 971104,9,,,
1988 General Election,9,General Election,,
1996 GENERAL - PRESIDENTIAL,9,General Election,,
PRIMARY 2007,9,State and Local Primary,,
20170912 GE,9,General Election,2017-09-12,
20110218 GE,8,General Election,2011-02-18,
20011106 GE,8,General Election,2001-11-06,
20081029 GE,8,General Election,2008-10-29,
20081104 SP,8,Special Election,2008-11-04,
GENERAL ELECTION 1996,8,General Election,,
Election # 951107,8,,,
20111106 GE,8,General Election,2011-11-06,
1996 Primary Election,8,State and Local Primary,,
20080903 PR,8,State and Local Primary,2008-09-03,
Presidential Primary 2004,8,Presidential Primary,,
Presidential Primary 2000,7,Presidential Primary,,
Election # 991102,7,,,
COBLESKILL-RICHMONDVILLE,7,,,
Primary Election 1999,7,State and Local Primary,,
20010925 PR,7,State and Local Primary,2001-09-25,
19961105 GE,7,General Election,1996-11-05,
20080815 PP,7,Presidential Primary,2008-08-15,
Primary Election 1995,7,State and Local Primary,,
2003 Primary Election,7,State and Local Primary,,
20110121 GE,7,General Election,2011-01-21,
1995 Primary Election,7,State and Local Primary,,
20081028 PR,7,State and Local Primary,2008-10-28,
20090929 GE,6,General Election,2009-09-29,
GENERAL ELECTION 1998,6,General Election,,
GENERAL ELECTION 98,6,General Election,,
GENERAL ELECTION 96,6,General Election,,
20041104 GE,6,General Election,2004-11-04,
Primary Election 1997,6,State and Local Primary,,
20081211 GE,6,General Election,2008-12-11,
GENERAL ELECTION 1999,6,General Election,,
Primary Election 2000,6,State and Local Primary,,
20080908 PR,6,State and Local Primary,2008-09-08,
20090922 RO,6,,2009-09-22,
19981103 GE,6,General Election,1998-11-03,
20111102 PR,6,State and Local Primary,2011-11-02,
GENERAL ELECTION 00,6,General Election,,
20160419 RO,6,,2016-04-19,
20080914 PR,6,State and Local Primary,2008-09-14,
GENERAL ELECTION 1997,6,General Election,,
20050913 PR,5,State and Local Primary,2005-09-13,
20081108 GE,5,General Election,2008-11-08,
20170926 RO,5,,2017-09-26,
19941108 GE,5,General Election,1994-11-08,
20090204 GE,5,General Election,2009-02-04,
Special Election 1993,5,Special Election,,
GENERAL ELECTION 1994,5,General Election,,
General State & Local Election 2014,5,General Election,,
20020910 PR,5,State and Local Primary,2002-09-10,
20011011 SP,5,Special Election,2001-10-11,
20071105 GE,5,General Election,2007-11-05,
20081209 GE,5,General Election,2008-12-09,
20080919 PR,5,State and Local Primary,2008-09-19,
20160628 SP,5,Special Election,2016-06-28,
1996 Presidential Primary Election,5,Presidential Primary,,
20080909,5,,2008-09-09,
20091104 GE,5,General Election,2009-11-04,
General Election 1991,5,General Election,,
20031104 GE,5,General Election,2003-11-04,
20170905 PR,5,State and Local Primary,2017-09-05,
20000307 PP,5,Presidential Primary,2000-03-07,
2006 ANNUAL SCHOOL ELECTION,5,,,
20071106,4,,2007-11-06,
20121106 PP,4,Presidential Primary,2012-11-06,
19971104 GE,4,General Election,1997-11-04,
PRIMARY 2000,4,State and Local Primary,,
19921103 GE,4,General Election,1992-11-03,
1994 Primary Election,4,State and Local Primary,,
20090930 PR,4,State and Local Primary,2009-09-30,
STATE AND LOCAL GENERAL ELECTION,4,General Election,,
20071106 SP,4,Special Election,2007-11-06,
20060912 PR,4,State and Local Primary,2006-09-12,
2012 GENERLA STATE & LOCAL ELECTION,4,General Election,,
PRIMARY (FEDERAL) 2014,4,State and Local Primary,,
20131106 GE,4,General Election,2013-11-06,
20081104 PP,4,Presidential Primary,2008-11-04,
1986 General Election,4,General Election,,
20080920 PR,4,State and Local Primary,2008-09-20,
20130911 PR,4,State and Local Primary,2013-09-11,
20130206 GE,4,General Election,2013-02-06,
20090224 GE,4,General Election,2009-02-24,
PRIMARY ELECTION 2000,4,State and Local Primary,,
2006 General,4,General Election,,
20071107 GE,3,General Election,2007-11-07,
2014 GENERAL STATE AND LOCAL (MIL ONLY),3,General Election,,
Election # 990914,3,,,
20081110 PR,3,State and Local Primary,2008-11-10,
20080910 SP,3,Special Election,2008-09-10,
20001104 GE,3,General Election,2000-11-04,
20081107 GE,3,General Election,2008-11-07,
20081216 GE,3,General Election,2008-12-16,
1997 PRIMARY REPUBLICAN,3,State and Local Primary,,
20130910 SP,3,Special Election,2013-09-10,
19931102 GE,3,General Election,1993-11-02,
20140909 RO,3,,2014-09-09,
ST/LOCAL PRIMARY ELECTION,3,State and Local Primary,,
20031106 GE,3,General Election,2003-11-06,
GENERAL ELECTION 1995,3,General Election,,
20071006 GE,3,General Election,2007-10-06,
2002 Special Election,3,Special Election,,
20000909 PR,3,State and Local Primary,2000-09-09,
20091103 SP,3,Special Election,2009-11-03,
20151108 GE,3,General Election,2015-11-08,
19991102 GE,3,General Election,1999-11-02,
19970909 PR,3,State and Local Primary,1997-09-09,
1998 PRIMARY ELECTION,3,State and Local Primary,,
2004 Presidential Primary Election,3,Presidential Primary,,
9/12/17 Working Families Primary,3,,,
20121106 PR,3,State and Local Primary,2012-11-06,
20081106 GE,3,General Election,2008-11-06,
20081223 GE,3,General Election,2008-12-23,
20090114 GE,3,General Election,2009-01-14,
PRIMARY ELECTION 2001,3,State and Local Primary,,
20090217 SP,3,Special Election,2009-02-17,
20130110,3,,2013-01-10,
PRESIDENTIAL PRIMARY 2000,3,Presidential Primary,,
Primary Election 1992,3,State and Local Primary,,
20090224 PR,3,State and Local Primary,2009-02-24,
20091103 RO,2,,2009-11-03,
20081205 GE,2,General Election,2008-12-05,
20121106 SP,2,Special Election,2012-11-06,
1999 Special Senatorial Election,2,Special Election,,
GENERAL ELECTION 1992,2,General Election,,
GENERAL ELECTION 1988,2,General Election,,
20060906 PR,2,State and Local Primary,2006-09-06,
OWEGO APALACHIN SCHOOL DISTRICT 2,2,,,
2007 WATERLOO REP PRIMARY,2,State and Local Primary,,
VILLAGE FULTONVILLE ELECTION,2,General Election,,
20081218 GE,2,General Election,2008-12-18,
20041106 GE,2,General Election,2004-11-06,
19971105 GE,2,General Election,1997-11-05,
20130108,2,,2013-01-08,
Presidential Primary 1996,2,Presidential Primary,,
20111104 GE,2,General Election,2011-11-04,
20110502 GE,2,General Election,2011-05-02,
GENERAL ELECTION 92,2,General Election,,
Special Scotia Village Bond Vote,2,Special Election,,
20170919 PR,2,State and Local Primary,2017-09-19,
1992 GENERAL ELECTION,2,General Election,,
PRIMARY ELECTION 99,2,State and Local Primary,,
1990 GENERAL ELECTION,2,General Election,,
20080920 PP,2,Presidential Primary,2008-09-20,
20131105 RO,2,,2013-11-05,
20081212 GE,2,General Election,2008-12-12,
2001 Special Election,2,Special Election,,
200802`0 PP,2,Presidential Primary,,
20141104 RO,2,,2014-11-04,
20090406 GE,2,General Election,2009-04-06,
GENERAL ELECTION 1993,2,General Election,,
GENERAL ELECTION 1991,2,General Election,,
1985 General Election,2,General Election,,
20161108 PR,2,State and Local Primary,2016-11-08,
GENERAL ELECTION 94,2,General Election,,
20080205 GE,2,General Election,2008-02-05,
20111105 GE,2,General Election,2011-11-05,
20081120,2,,2008-11-20,
20091015 PR,2,State and Local Primary,2009-10-15,
20081009 PR,2,State and Local Primary,2008-10-09,
20080920,2,,2008-09-20,
PRIMARY 2001,2,State and Local Primary,,
20040203 PP,2,Presidential Primary,2004-02-03,
20161108 SP,2,Special Election,2016-11-08,
20130910 GE,2,General Election,2013-09-10,
20091102 GE,2,General Election,2009-11-02,
Primary Election 1998,2,State and Local Primary,,
1996 Presidential Election,2,Presidential Primary,,
19841231 SP,2,Special Election,1984-12-31,
1992 Presidential Primary Election,2,Presidential Primary,,
20081106,2,,2008-11-06,
20131104 GE,2,General Election,2013-11-04,
20091029 RO,2,,2009-10-29,
1995 PRIMARY ELECTION,2,State and Local Primary,,
Village Election 2005,2,,,
Middleburgh Village Election,2,,,
20080915 PR,2,State and Local Primary,2008-09-15,
20150515 SP,2,Special Election,2015-05-15,
20081217 GE,2,General Election,2008-12-17,
20001105 GE,2,General Election,2000-11-05,
20090324 SP,2,Special Election,2009-03-24,
2007 Village Election,2,,,
9/12/17 Womens Equality Primary,2,,,
Primary Election 1996,2,State and Local Primary,,
1987 General Election,2,General Election,,
20101103 GE,2,General Election,2010-11-03,
20080905 PR,2,State and Local Primary,2008-09-05,
PRIMARY ELECTION 96,2,State and Local Primary,,
Primary Election 2001,2,State and Local Primary,,
200711`0 GE,2,General Election,,
19891107 GE,2,General Election,1989-11-07,
20131105 SP,2,Special Election,2013-11-05,
Election # 960307,2,,,
20131001 GE,2,General Election,2013-10-01,
2000 PRIMARY ELECTION - PRES,2,State and Local Primary,,
20080914,2,,2008-09-14,
20080919,2,,2008-09-19,
GENERAL ELECTION 93,2,General Election,,
Election # 950912,2,,,
PRESIDENTIAL ELECTION,2,Presidential Primary,,
20051106 GE,2,General Election,2005-11-06,
20131226 GE,2,General Election,2013-12-26,
20090929 PP,2,Presidential Primary,2009-09-29,
19980915 PR,2,State and Local Primary,1998-09-15,
20160419 GE,2,General Election,2016-04-19,
20081123,2,,2008-11-23,
2000 PRESIDENTIAL PRIMARY,2,Presidential Primary,,
Primary Election 1994,2,State and Local Primary,,
20170926 GE,1,General Election,2017-09-26,
19771106 GE,1,General Election,1977-11-06,
20090106 GE,1,General Election,2009-01-06,
Village Election 2004,1,,,
2000 PRIMARY (SEPT),1,State and Local Primary,,
20140624 SP,1,Special Election,2014-06-24,
20120910 PR,1,State and Local Primary,2012-09-10,
19300909 PR,1,State and Local Primary,1930-09-09,
2007116 GE,1,General Election,,
20141004 GE,1,General Election,2014-10-04,
20160426 PP,1,Presidential Primary,2016-04-26,
20011108 GE,1,General Election,2001-11-08,
PRIMARY ELECTION 1998,1,State and Local Primary,,
20050914 GE,1,General Election,2005-09-14,
20071101 GE,1,General Election,2007-11-01,
20000724 GE,1,General Election,2000-07-24,
20081120 PR,1,State and Local Primary,2008-11-20,
Pres Primary Election 2000,1,State and Local Primary,,
20081016 GE,1,General Election,2008-10-16,
1991 Primary Election,1,State and Local Primary,,
20081202 GE,1,General Election,2008-12-02,
20101109 GE,1,General Election,2010-11-09,
20101108 GE,1,General Election,2010-11-08,
20131103 GE,1,General Election,2013-11-03,
20090916 PR,1,State and Local Primary,2009-09-16,
2000 Special Election,1,Special Election,,
1993 GENERAL ELECTION,1,General Election,,
20090407 GE,1,General Election,2009-04-07,
20090928 SP,1,Special Election,2009-09-28,
20111102 GE,1,General Election,2011-11-02,
20070605 SP,1,Special Election,2007-06-05,
20080825 PP,1,Presidential Primary,2008-08-25,
Election # 980915,1,,,
19920915 PR,1,State and Local Primary,1992-09-15,
20100914 GE,1,General Election,2010-09-14,
20090914 PR,1,State and Local Primary,2009-09-14,
20121105 GE,1,General Election,2012-11-05,
1995 GENERAL - SC LEGIS/CO CLERK,1,General Election,,
20160428 PP,1,Presidential Primary,2016-04-28,
20130901 PR,1,State and Local Primary,2013-09-01,
Presidential Primary Election 2000,1,Presidential Primary,,
20081122,1,,2008-11-22,
PRIMARY ELECTION 1997,1,State and Local Primary,,
PRIMARY ELECTION 1995,1,State and Local Primary,,
20040914 PR,1,State and Local Primary,2004-09-14,
20000307 PR,1,State and Local Primary,2000-03-07,
19931102 General,1,General Election,1993-11-02,
19961103 GE,1,General Election,1996-11-03,
20100309 SP,1,Special Election,2010-03-09,
20081210 GE,1,General Election,2008-12-10,
20100902 PR,1,State and Local Primary,2010-09-02,
2016 STATE PRIMARY,1,State and Local Primary,,
20081219 GE,1,General Election,2008-12-19,
20151207 GE,1,General Election,2015-12-07,
GENERAL ELECTION 95,1,General Election,,
1994 GENERAL ELECTION,1,General Election,,
001107 GE,1,General Election,,
GENERAL ELECTION 99,1,General Election,,
20160412 PR,1,State and Local Primary,2016-04-12,
20090205 SP,1,Special Election,2009-02-05,
20131001 SP,1,Special Election,2013-10-01,
20061106 GE,1,General Election,2006-11-06,
19571108 GE,1,General Election,1957-11-08,
20081102 GE,1,General Election,2008-11-02,
GE on 20091103,1,General Election,2009-11-03,
20130927,1,,2013-09-27,
CHAZY FIRE DISTRICT,1,,,
20120911 PR,1,State and Local Primary,2012-09-11,
20170916 PR,1,State and Local Primary,2017-09-16,
20160908 PR,1,State and Local Primary,2016-09-08,
20081231 GE,1,General Election,2008-12-31,
20030909 PR,1,State and Local Primary,2003-09-09,
20170214 GE,1,General Election,2017-02-14,
Presidential Primary 1992,1,Presidential Primary,,
PRIMARY ELECTION 1994,1,State and Local Primary,,
20050308 PR,1,State and Local Primary,2005-03-08,
19930914 PR,1,State and Local Primary,1993-09-14,
20090104 GE,1,General Election,2009-01-04,
20090212 GE,1,General Election,2009-02-12,
20081111 PR,1,State and Local Primary,2008-11-11,
20211106 GE,1,General Election,2021-11-06,
20160412 PP,1,Presidential Primary,2016-04-12,
20081129 GE,1,General Election,2008-11-29,
20080202 PP,1,Presidential Primary,2008-02-02,
20110914 PR,1,State and Local Primary,2011-09-14,
20130911 RO,1,,2013-09-11,
20090909 GE,1,General Election,2009-09-09,
20081114,1,,2008-11-14,
20140902 PR,1,State and Local Primary,2014-09-02,
20110502 PR,1,State and Local Primary,2011-05-02,
PRIMARY ELECTION 93,1,State and Local Primary,,
20090909 PR,1,State and Local Primary,2009-09-09,
20110504 PR,1,State and Local Primary,2011-05-04,
20160908 GE,1,General Election,2016-09-08,
20110926 SP,1,Special Election,2011-09-26,
20161103 GE,1,General Election,2016-11-03,
20130102,1,,2013-01-02,
1991 GENERAL ELECTION,1,General Election,,
20181104 GE,1,General Election,2018-11-04,
20150909 PR,1,State and Local Primary,2015-09-09,
20131004,1,,2013-10-04,
20010424 PP,1,Presidential Primary,2001-04-24,
POTSDAM TOWN SPECIAL ELECTION,1,Special Election,,
20011107 GE,1,General Election,2001-11-07,
20081222 GE,1,General Election,2008-12-22,
School Elect. 2005 (City of Plattsburgh),1,,,
20130319 SP,1,Special Election,2013-03-19,
1967 Primary Election,1,State and Local Primary,,
19940913 Primary,1,,1994-09-13,
CNTY LEG DIST#10 ELECTION,1,,,
20081118,1,,2008-11-18,
20081224 GE,1,General Election,2008-12-24,
20090210,1,,2009-02-10,
20161107 GE,1,General Election,2016-11-07,
20140220 GE,1,General Election,2014-02-20,
20170102 PR,1,State and Local Primary,2017-01-02,
20081122 GE,1,General Election,2008-11-22,
20091115 PR,1,State and Local Primary,2009-11-15,
2007 GENERAL ELCTION,1,General Election,,
1993 Primary Election,1,State and Local Primary,,
20090616 SP,1,Special Election,2009-06-16,
20101105 GE,1,General Election,2010-11-05,
PRESIDENTIAL PRIMARY 1996,1,Presidential Primary,,
2003 Village Election,1,,,
Special Election,1,Special Election,,
20140419 PP,1,Presidential Primary,2014-04-19,
20000912 PR,1,State and Local Primary,2000-09-12,
20330419 PP,1,Presidential Primary,2033-04-19,
20031108 GE,1,General Election,2003-11-08,
20140909,1,,2014-09-09,
20130920,1,,2013-09-20,
20131010 RO,1,,2013-10-10,
19951107 GE,1,General Election,1995-11-07,
1991 GENERAL,1,General Election,,
20130917 PR,1,State and Local Primary,2013-09-17,
1995 Special Election,1,Special Election,,
20131001,1,,2013-10-01,
19891108 GE,1,General Election,1989-11-08,
1996 Presidential Primary,1,Presidential Primary,,
School Elect. 2002 (City of Plattsburgh),1,,,
PRIMARY ELECTION 1999,1,State and Local Primary,,
20060914 PR,1,State and Local Primary,2006-09-14,
20171107 PR,1,State and Local Primary,2017-11-07,
20031103 GE,1,General Election,2003-11-03,
20081222,1,,2008-12-22,
20090217 GE,1,General Election,2009-02-17,
20121108 GE,1,General Election,2012-11-08,
20081208 GE,1,General Election,2008-12-08,
1984 General Election,1,General Election,,
20060228 SP,1,Special Election,2006-02-28,
19940913 PR,1,State and Local Primary,1994-09-13,
20021106 GE,1,General Election,2002-11-06,
20090928 RO,1,,2009-09-28,
38121102 GE,1,General Election,3812-11-02,
20110913 GE,1,General Election,2011-09-13,
20091215 PR,1,State and Local Primary,2009-12-15,
20100323 PP,1,Presidential Primary,2010-03-23,
2014 NOVEMBER MILITARY GENERAL,1,General Election,,
Cobleskill-Richmondville,1,,,
2016 Wright Fire District,1,,,
20080904 PR,1,State and Local Primary,2008-09-04,
20080912,1,,2008-09-12,
20081115 PR,1,State and Local Primary,2008-11-15,
1997 PRIMARY ELECTION,1,State and Local Primary,,
20051105 GE,1,General Election,2005-11-05,
20170419 PP,1,Presidential Primary,2017-04-19,
20140624 GE,1,General Election,2014-06-24,
20091006 RO,1,,2009-10-06,
20081119,1,,2008-11-19,
20160913 RO,1,,2016-09-13,
AUGUST INSPECTOR TRAINING,1,Special Election,,
20161019 PP,1,Presidential Primary,2016-10-19,
20001102 GE,1,General Election,2000-11-02,
Wright Fire District,1,,,
20160219 PP,1,Presidential Primary,2016-02-19,
20001107 PR,1,State and Local Primary,2000-11-07,
20160511 PP,1,Presidential Primary,2016-05-11,
20101110 GE,1,General Election,2010-11-10,
20040302 PP,1,Presidential Primary,2004-03-02,
20080208 PP,1,Presidential Primary,2008-02-08,
20081215 GE,1,General Election,2008-12-15,
20060909 PR,1,State and Local Primary,2006-09-09,
1993 General Election for November,1,General Election,,
20071104 GE,1,General Election,2007-11-04,
20000624 PR,1,State and Local Primary,2000-06-24,
20090208 PP,1,Presidential Primary,2009-02-08,
20140920 PR,1,State and Local Primary,2014-09-20,
20081111,1,,2008-11-11,
20090922 PR,1,State and Local Primary,2009-09-22,
20130912 PR,1,State and Local Primary,2013-09-12,
20090316 SP,1,Special Election,2009-03-16,
PRIMARY ELECTION 00,1,State and Local Primary,,
PRIMARY ELECTION 94,1,State and Local Primary,,
20130104 GE,1,General Election,2013-01-04,
20081114 PR,1,State and Local Primary,2008-11-14,
20160428 SP,1,Special Election,2016-04-28,
20090908 PR,1,State and Local Primary,2009-09-08,
20130219 PR,1,State and Local Primary,2013-02-19,
20010925 SP,1,Special Election,2001-09-25,
1995 GENERAL ELECTION,1,General Election,,
20020212 SP,1,Special Election,2002-02-12,
20090402 SP,1,Special Election,2009-04-02,
2002 SCHOOL DISTRICT ELECTION,1,,,
20150607 PR,1,State and Local Primary,2015-06-07,
20130821 GE,1,General Election,2013-08-21,
20130106 GE,1,General Election,2013-01-06,
20160913 PP,1,Presidential Primary,2016-09-13,
20081101,1,,2008-11-01,
20160427 PP,1,Presidential Primary,2016-04-27,
20081022 PR,1,State and Local Primary,2008-10-22,
20160406 PP,1,Presidential Primary,2016-04-06,
20171107 SP,1,Special Election,2017-11-07,
General - State and Local ONLY,1,General Election,,
20130927 PR,1,State and Local Primary,2013-09-27,
20051107 GE,1,General Election,2005-11-07,
School Elect. 2004 (City of Plattsburgh),1,,,
20151104 GE,1,General Election,2015-11-04,
Special Elec Town of Plattsburgh 2004,1,Special Election,,
19920915 Primary,1,,1992-09-15,
19891107 General,1,General Election,1989-11-07,
19861231 Special,1,Special Election,1986-12-31,
2001 Village Election,1,,,
GENERAL ELECTION 1990,1,General Election,,
GENERAL ELECTION 1987,1,General Election,,
GENERAL ELECTION 91,1,General Election,,
GENERAL ELECTION 89,1,General Election,,
20061006 GE,1,General Election,2006-10-06,
20141009 PR,1,State and Local Primary,2014-10-09,
20141104 PR,1,State and Local Primary,2014-11-04,
20141104 SP,1,Special Election,2014-11-04,
20141204 GE,1,General Election,2014-12-04,
20081027 GE,1,General Election,2008-10-27,
20080913 PP,1,Presidential Primary,2008-09-13,
20090324 GE,1,General Election,2009-03-24,
20090414 SP,1,Special Election,2009-04-14,