candidate,county,district,party,votes,election_date,state,scope,office
Jennifer J. Maertz,Suffolk,1,DEM,30089,2010-11-02,NY,general,State Senate
Kenneth P. LaValle,Suffolk,1,REP,50275,2010-11-02,NY,general,State Senate
Kenneth P. LaValle,Suffolk,1,IND,4955,2010-11-02,NY,general,State Senate
Kenneth P. LaValle,Suffolk,1,CON,9486,2010-11-02,NY,general,State Senate
Jennifer J. Maertz,Suffolk,1,WOR,3005,2010-11-02,NY,general,State Senate
Kenneth P. LaValle,Suffolk,1,STR,895,2010-11-02,NY,general,State Senate
Blank,Suffolk,1,,5132,2010-11-02,NY,general,State Senate
Void,Suffolk,1,,55,2010-11-02,NY,general,State Senate
Scattering,Suffolk,1,,40,2010-11-02,NY,general,State Senate
Total,Suffolk,1,,103932,2010-11-02,NY,general,State Senate
Ira L. Bernstein,Suffolk,2,DEM,25009,2010-11-02,NY,general,State Senate
John J. Flanagan,Suffolk,2,REP,49006,2010-11-02,NY,general,State Senate
John J. Flanagan,Suffolk,2,IND,3606,2010-11-02,NY,general,State Senate
John J. Flanagan,Suffolk,2,CON,9230,2010-11-02,NY,general,State Senate
Ira L. Bernstein,Suffolk,2,WOR,1741,2010-11-02,NY,general,State Senate
Blank,Suffolk,2,,4805,2010-11-02,NY,general,State Senate
Void,Suffolk,2,,34,2010-11-02,NY,general,State Senate
Scattering,Suffolk,2,,27,2010-11-02,NY,general,State Senate
Total,Suffolk,2,,93458,2010-11-02,NY,general,State Senate
Brian X. Foley,Suffolk,3,DEM,28028,2010-11-02,NY,general,State Senate
Lee M. Zeldin,Suffolk,3,REP,31739,2010-11-02,NY,general,State Senate
Lee M. Zeldin,Suffolk,3,IND,2417,2010-11-02,NY,general,State Senate
Lee M. Zeldin,Suffolk,3,CON,6907,2010-11-02,NY,general,State Senate
Brian X. Foley,Suffolk,3,WOR,2848,2010-11-02,NY,general,State Senate
Blank,Suffolk,3,,3315,2010-11-02,NY,general,State Senate
Void,Suffolk,3,,39,2010-11-02,NY,general,State Senate
Scattering,Suffolk,3,,18,2010-11-02,NY,general,State Senate
Total,Suffolk,3,,75311,2010-11-02,NY,general,State Senate
Maeghan H. Lollo,Suffolk,4,DEM,22197,2010-11-02,NY,general,State Senate
Owen H. Johnson,Suffolk,4,REP,34172,2010-11-02,NY,general,State Senate
Owen H. Johnson,Suffolk,4,IND,3329,2010-11-02,NY,general,State Senate
Owen H. Johnson,Suffolk,4,CON,6298,2010-11-02,NY,general,State Senate
Blank,Suffolk,4,,5300,2010-11-02,NY,general,State Senate
Void,Suffolk,4,,21,2010-11-02,NY,general,State Senate
Scattering,Suffolk,4,,20,2010-11-02,NY,general,State Senate
Total,Suffolk,4,,71337,2010-11-02,NY,general,State Senate
Lawrence H. Silverman,Nassau,5,DEM,17000,2010-11-02,NY,general,State Senate
Lawrence H. Silverman,Suffolk,5,DEM,16127,2010-11-02,NY,general,State Senate
Lawrence H. Silverman,Total,5,DEM,33127,2010-11-02,NY,general,State Senate
Carl L. Marcellino,Nassau,5,REP,26220,2010-11-02,NY,general,State Senate
Carl L. Marcellino,Suffolk,5,REP,21455,2010-11-02,NY,general,State Senate
Carl L. Marcellino,Total,5,REP,47675,2010-11-02,NY,general,State Senate
Carl L. Marcellino,Nassau,5,IND,1424,2010-11-02,NY,general,State Senate
Carl L. Marcellino,Suffolk,5,IND,1626,2010-11-02,NY,general,State Senate
Carl L. Marcellino,Total,5,IND,3050,2010-11-02,NY,general,State Senate
Carl L. Marcellino,Nassau,5,CON,3150,2010-11-02,NY,general,State Senate
Carl L. Marcellino,Suffolk,5,CON,3981,2010-11-02,NY,general,State Senate
Carl L. Marcellino,Total,5,CON,7131,2010-11-02,NY,general,State Senate
Lawrence H. Silverman,Nassau,5,WOR,990,2010-11-02,NY,general,State Senate
Lawrence H. Silverman,Suffolk,5,WOR,1219,2010-11-02,NY,general,State Senate
Lawrence H. Silverman,Total,5,WOR,2209,2010-11-02,NY,general,State Senate
Carl L. Marcellino,Nassau,5,TRP,119,2010-11-02,NY,general,State Senate
Carl L. Marcellino,Suffolk,5,TRP,89,2010-11-02,NY,general,State Senate
Carl L. Marcellino,Total,5,TRP,208,2010-11-02,NY,general,State Senate
Blank,Nassau,5,,2261,2010-11-02,NY,general,State Senate
Blank,Suffolk,5,,2065,2010-11-02,NY,general,State Senate
Blank,Total,5,,4326,2010-11-02,NY,general,State Senate
Void,Nassau,5,,34,2010-11-02,NY,general,State Senate
Void,Suffolk,5,,19,2010-11-02,NY,general,State Senate
Void,Total,5,,53,2010-11-02,NY,general,State Senate
Scattering,Nassau,5,,9,2010-11-02,NY,general,State Senate
Scattering,Suffolk,5,,10,2010-11-02,NY,general,State Senate
Scattering,Total,5,,19,2010-11-02,NY,general,State Senate
Total,Nassau,5,,51207,2010-11-02,NY,general,State Senate
Total,Suffolk,5,,46591,2010-11-02,NY,general,State Senate
Total,Total,5,,97798,2010-11-02,NY,general,State Senate
Francesca Carlow,Nassau,6,DEM,30328,2010-11-02,NY,general,State Senate
Kemp Hannon,Nassau,6,REP,38477,2010-11-02,NY,general,State Senate
Kemp Hannon,Nassau,6,IND,2110,2010-11-02,NY,general,State Senate
Kemp Hannon,Nassau,6,CON,5196,2010-11-02,NY,general,State Senate
David L. Mejias,Nassau,6,WOR,2013,2010-11-02,NY,general,State Senate
Kemp Hannon,Nassau,6,TRP,187,2010-11-02,NY,general,State Senate
Blank,Nassau,6,,3680,2010-11-02,NY,general,State Senate
Void,Nassau,6,,100,2010-11-02,NY,general,State Senate
Scattering,Nassau,6,,14,2010-11-02,NY,general,State Senate
Total,Nassau,6,,82105,2010-11-02,NY,general,State Senate
Craig M. Johnson,Nassau,7,DEM,42477,2010-11-02,NY,general,State Senate
Jack M. Martins,Nassau,7,REP,36349,2010-11-02,NY,general,State Senate
Jack M. Martins,Nassau,7,IND,1959,2010-11-02,NY,general,State Senate
Jack M. Martins,Nassau,7,CON,4620,2010-11-02,NY,general,State Senate
Blank,Nassau,7,,4089,2010-11-02,NY,general,State Senate
Void,Nassau,7,,46,2010-11-02,NY,general,State Senate
Scattering,Nassau,7,,19,2010-11-02,NY,general,State Senate
Total,Nassau,7,,89559,2010-11-02,NY,general,State Senate
Carol A. Gordon,Nassau,8,DEM,22873,2010-11-02,NY,general,State Senate
Carol A. Gordon,Suffolk,8,DEM,4887,2010-11-02,NY,general,State Senate
Carol A. Gordon,Total,8,DEM,27760,2010-11-02,NY,general,State Senate
"Charles J. Fuschillo, Jr.",Nassau,8,REP,40783,2010-11-02,NY,general,State Senate
"Charles J. Fuschillo, Jr.",Suffolk,8,REP,3567,2010-11-02,NY,general,State Senate
"Charles J. Fuschillo, Jr.",Total,8,REP,44350,2010-11-02,NY,general,State Senate
"Charles J. Fuschillo, Jr.",Nassau,8,IND,2661,2010-11-02,NY,general,State Senate
"Charles J. Fuschillo, Jr.",Suffolk,8,IND,365,2010-11-02,NY,general,State Senate
"Charles J. Fuschillo, Jr.",Total,8,IND,3026,2010-11-02,NY,general,State Senate
"Charles J. Fuschillo, Jr.",Nassau,8,CON,5135,2010-11-02,NY,general,State Senate
"Charles J. Fuschillo, Jr.",Suffolk,8,CON,667,2010-11-02,NY,general,State Senate
"Charles J. Fuschillo, Jr.",Total,8,CON,5802,2010-11-02,NY,general,State Senate
Carol A. Gordon,Nassau,8,WOR,1363,2010-11-02,NY,general,State Senate
Carol A. Gordon,Suffolk,8,WOR,261,2010-11-02,NY,general,State Senate
Carol A. Gordon,Total,8,WOR,1624,2010-11-02,NY,general,State Senate
"Charles J. Fuschillo, Jr.",Nassau,8,TRP,231,2010-11-02,NY,general,State Senate
"Charles J. Fuschillo, Jr.",Suffolk,8,TRP,30,2010-11-02,NY,general,State Senate
"Charles J. Fuschillo, Jr.",Total,8,TRP,261,2010-11-02,NY,general,State Senate
Blank,Nassau,8,,2740,2010-11-02,NY,general,State Senate
Blank,Suffolk,8,,855,2010-11-02,NY,general,State Senate
Blank,Total,8,,3595,2010-11-02,NY,general,State Senate
Void,Nassau,8,,85,2010-11-02,NY,general,State Senate
Void,Suffolk,8,,10,2010-11-02,NY,general,State Senate
Void,Total,8,,95,2010-11-02,NY,general,State Senate
Scattering,Nassau,8,,17,2010-11-02,NY,general,State Senate
Scattering,Suffolk,8,,1,2010-11-02,NY,general,State Senate
Scattering,Total,8,,18,2010-11-02,NY,general,State Senate
Total,Nassau,8,,75888,2010-11-02,NY,general,State Senate
Total,Suffolk,8,,10643,2010-11-02,NY,general,State Senate
Total,Total,8,,86531,2010-11-02,NY,general,State Senate
George S. Sava,Nassau,9,DEM,28871,2010-11-02,NY,general,State Senate
Dean G. Skelos,Nassau,9,REP,51138,2010-11-02,NY,general,State Senate
Dean G. Skelos,Nassau,9,IND,2699,2010-11-02,NY,general,State Senate
Dean G. Skelos,Nassau,9,CON,5190,2010-11-02,NY,general,State Senate
George S. Sava,Nassau,9,WOR,1933,2010-11-02,NY,general,State Senate
Dean G. Skelos,Nassau,9,TRP,225,2010-11-02,NY,general,State Senate
Blank,Nassau,9,,3374,2010-11-02,NY,general,State Senate
Void,Nassau,9,,92,2010-11-02,NY,general,State Senate
Scattering,Nassau,9,,18,2010-11-02,NY,general,State Senate
Total,Nassau,9,,93540,2010-11-02,NY,general,State Senate
Shirley L. Huntley,Queens,10,DEM,45119,2010-11-02,NY,general,State Senate
Shirley L. Huntley,Queens,10,WOR,2067,2010-11-02,NY,general,State Senate
Blank,Queens,10,,10277,2010-11-02,NY,general,State Senate
Void,Queens,10,,0,2010-11-02,NY,general,State Senate
Scattering,Queens,10,,144,2010-11-02,NY,general,State Senate
Total,Queens,10,,57607,2010-11-02,NY,general,State Senate
Tony Avella,Queens,11,DEM,29323,2010-11-02,NY,general,State Senate
Frank Padavan,Queens,11,REP,22493,2010-11-02,NY,general,State Senate
Frank Padavan,Queens,11,IND,1582,2010-11-02,NY,general,State Senate
Frank Padavan,Queens,11,CON,2496,2010-11-02,NY,general,State Senate
Tony Avella,Queens,11,WOR,2250,2010-11-02,NY,general,State Senate
Blank,Queens,11,,3146,2010-11-02,NY,general,State Senate
Void,Queens,11,,31,2010-11-02,NY,general,State Senate
Scattering,Queens,11,,0,2010-11-02,NY,general,State Senate
Total,Queens,11,,61321,2010-11-02,NY,general,State Senate
Michael N. Gianaris,Queens,12,DEM,28639,2010-11-02,NY,general,State Senate
"Jerome Patrick Tina, Jr.",Queens,12,REP,6378,2010-11-02,NY,general,State Senate
"Jerome Patrick Tina, Jr.",Queens,12,CON,942,2010-11-02,NY,general,State Senate
Michael N. Gianaris,Queens,12,WOR,3098,2010-11-02,NY,general,State Senate
Blank,Queens,12,,5251,2010-11-02,NY,general,State Senate
Void,Queens,12,,0,2010-11-02,NY,general,State Senate
Scattering,Queens,12,,43,2010-11-02,NY,general,State Senate
Total,Queens,12,,44351,2010-11-02,NY,general,State Senate
Jose R. Peralta,Queens,13,DEM,22042,2010-11-02,NY,general,State Senate
Richard La Salle,Queens,13,REP,4167,2010-11-02,NY,general,State Senate
Richard La Salle,Queens,13,IND,375,2010-11-02,NY,general,State Senate
Richard La Salle,Queens,13,CON,437,2010-11-02,NY,general,State Senate
Jose R. Peralta,Queens,13,WOR,1920,2010-11-02,NY,general,State Senate
Blank,Queens,13,,3850,2010-11-02,NY,general,State Senate
Void,Queens,13,,,2010-11-02,NY,general,State Senate
Scattering,Queens,13,,30,2010-11-02,NY,general,State Senate
Total,Queens,13,,32821,2010-11-02,NY,general,State Senate
Malcolm A. Smith,Queens,14,DEM,40737,2010-11-02,NY,general,State Senate
Samuel Benoit,Queens,14,REP,7798,2010-11-02,NY,general,State Senate
Malcolm A. Smith,Queens,14,IND,704,2010-11-02,NY,general,State Senate
Everly Brown,Queens,14,CON,2033,2010-11-02,NY,general,State Senate
Malcolm A. Smith,Queens,14,WOR,1915,2010-11-02,NY,general,State Senate
Blank,Queens,14,,6008,2010-11-02,NY,general,State Senate
Void,Queens,14,,0,2010-11-02,NY,general,State Senate
Scattering,Queens,14,,44,2010-11-02,NY,general,State Senate
Total,Queens,14,,59239,2010-11-02,NY,general,State Senate
"Joseph P. Addabbo, Jr.",Queens,15,DEM,22084,2010-11-02,NY,general,State Senate
Anthony Como,Queens,15,REP,15181,2010-11-02,NY,general,State Senate
"Joseph P. Addabbo, Jr.",Queens,15,IND,1188,2010-11-02,NY,general,State Senate
Anthony Como,Queens,15,CON,2413,2010-11-02,NY,general,State Senate
Blank,Queens,15,,3418,2010-11-02,NY,general,State Senate
Void,Queens,15,,0,2010-11-02,NY,general,State Senate
Scattering,Queens,15,,63,2010-11-02,NY,general,State Senate
Total,Queens,15,,44347,2010-11-02,NY,general,State Senate
Toby Ann Stavisky,Queens,16,DEM,31061,2010-11-02,NY,general,State Senate
Toby Ann Stavisky,Queens,16,IND,1797,2010-11-02,NY,general,State Senate
Robert Schwartz,Queens,16,CON,5171,2010-11-02,NY,general,State Senate
Toby Ann Stavisky,Queens,16,WOR,1613,2010-11-02,NY,general,State Senate
Blank,Queens,16,,12139,2010-11-02,NY,general,State Senate
Void,Queens,16,,0,2010-11-02,NY,general,State Senate
Scattering,Queens,16,,83,2010-11-02,NY,general,State Senate
Total,Queens,16,,51864,2010-11-02,NY,general,State Senate
Martin Malave Dilan,Kings,17,DEM,31483,2010-11-02,NY,general,State Senate
Michael E. Freeman-Saulsberre,Kings,17,REP,2519,2010-11-02,NY,general,State Senate
Michael E. Freeman-Saulsberre,Kings,17,CON,565,2010-11-02,NY,general,State Senate
Blank,Kings,17,,6525,2010-11-02,NY,general,State Senate
Void,Kings,17,,0,2010-11-02,NY,general,State Senate
Scattering,Kings,17,,39,2010-11-02,NY,general,State Senate
Total,Kings,17,,41131,2010-11-02,NY,general,State Senate
Velmanette Montgomery,Kings,18,DEM,46725,2010-11-02,NY,general,State Senate
Laquan O. Word,Kings,18,REP,1865,2010-11-02,NY,general,State Senate
Laquan O. Word,Kings,18,CON,465,2010-11-02,NY,general,State Senate
Velmanette Montgomery,Kings,18,WOR,7592,2010-11-02,NY,general,State Senate
Blank,Kings,18,,5972,2010-11-02,NY,general,State Senate
Void,Kings,18,,0,2010-11-02,NY,general,State Senate
Scattering,Kings,18,,17,2010-11-02,NY,general,State Senate
Total,Kings,18,,62636,2010-11-02,NY,general,State Senate
John L. Sampson,Kings,19,DEM,41384,2010-11-02,NY,general,State Senate
Rose Laney,Kings,19,REP,2620,2010-11-02,NY,general,State Senate
John L. Sampson,Kings,19,IND,352,2010-11-02,NY,general,State Senate
Rose Laney,Kings,19,CON,451,2010-11-02,NY,general,State Senate
John L. Sampson,Kings,19,WOR,1714,2010-11-02,NY,general,State Senate
Blank,Kings,19,,5915,2010-11-02,NY,general,State Senate
Void,Kings,19,,0,2010-11-02,NY,general,State Senate
Scattering,Kings,19,,5,2010-11-02,NY,general,State Senate
Total,Kings,19,,52441,2010-11-02,NY,general,State Senate
Eric Adams,Kings,20,DEM,43647,2010-11-02,NY,general,State Senate
Allan E. Romaguera,Kings,20,REP,3569,2010-11-02,NY,general,State Senate
Allan E. Romaguera,Kings,20,CON,783,2010-11-02,NY,general,State Senate
Eric Adams,Kings,20,WOR,7951,2010-11-02,NY,general,State Senate
Blank,Kings,20,,5455,2010-11-02,NY,general,State Senate
Void,Kings,20,,0,2010-11-02,NY,general,State Senate
Scattering,Kings,20,,19,2010-11-02,NY,general,State Senate
Total,Kings,20,,61424,2010-11-02,NY,general,State Senate
Kevin S. Parker,Kings,21,DEM,35426,2010-11-02,NY,general,State Senate
Jeffrey Lodge,Kings,21,REP,5950,2010-11-02,NY,general,State Senate
Brian Kelly,Kings,21,CON,1024,2010-11-02,NY,general,State Senate
Kevin S. Parker,Kings,21,WOR,2901,2010-11-02,NY,general,State Senate
Blank,Kings,21,,5958,2010-11-02,NY,general,State Senate
Void,Kings,21,,0,2010-11-02,NY,general,State Senate
Scattering,Kings,21,,22,2010-11-02,NY,general,State Senate
Total,Kings,21,,51281,2010-11-02,NY,general,State Senate
Michael DiSanto,Kings,22,DEM,13484,2010-11-02,NY,general,State Senate
Martin J. Golden,Kings,22,REP,23621,2010-11-02,NY,general,State Senate
Martin J. Golden,Kings,22,IND,1498,2010-11-02,NY,general,State Senate
Martin J. Golden,Kings,22,CON,3151,2010-11-02,NY,general,State Senate
Michael DiSanto,Kings,22,WOR,1182,2010-11-02,NY,general,State Senate
Blank,Kings,22,,4387,2010-11-02,NY,general,State Senate
Void,Kings,22,,0,2010-11-02,NY,general,State Senate
Scattering,Kings,22,,14,2010-11-02,NY,general,State Senate
Total,Kings,22,,47337,2010-11-02,NY,general,State Senate
Diane J. Savino,Kings,23,DEM,10406,2010-11-02,NY,general,State Senate
Diane J. Savino,Richmond,23,DEM,15066,2010-11-02,NY,general,State Senate
Diane J. Savino,Total,23,DEM,25472,2010-11-02,NY,general,State Senate
Diane J. Savino,Kings,23,IND,1087,2010-11-02,NY,general,State Senate
Diane J. Savino,Richmond,23,IND,1488,2010-11-02,NY,general,State Senate
Diane J. Savino,Total,23,IND,2575,2010-11-02,NY,general,State Senate
Diane J. Savino,Kings,23,WOR,642,2010-11-02,NY,general,State Senate
Diane J. Savino,Richmond,23,WOR,1219,2010-11-02,NY,general,State Senate
Diane J. Savino,Total,23,WOR,1861,2010-11-02,NY,general,State Senate
Blank,Kings,23,,6754,2010-11-02,NY,general,State Senate
Blank,Richmond,23,,6202,2010-11-02,NY,general,State Senate
Blank,Total,23,,12956,2010-11-02,NY,general,State Senate
Void,Kings,23,,0,2010-11-02,NY,general,State Senate
Void,Richmond,23,,0,2010-11-02,NY,general,State Senate
Void,Total,23,,0,2010-11-02,NY,general,State Senate
Scattering,Kings,23,,43,2010-11-02,NY,general,State Senate
Scattering,Richmond,23,,120,2010-11-02,NY,general,State Senate
Scattering,Total,23,,163,2010-11-02,NY,general,State Senate
Total,Kings,23,,18932,2010-11-02,NY,general,State Senate
Total,Richmond,23,,24095,2010-11-02,NY,general,State Senate
Total,Total,23,,43027,2010-11-02,NY,general,State Senate
Andrew J. Lanza,Richmond,24,REP,43429,2010-11-02,NY,general,State Senate
Andrew J. Lanza,Richmond,24,IND,4681,2010-11-02,NY,general,State Senate
Andrew J. Lanza,Richmond,24,CON,6492,2010-11-02,NY,general,State Senate
Blank,Richmond,24,,20263,2010-11-02,NY,general,State Senate
Void,Richmond,24,,0,2010-11-02,NY,general,State Senate
Scattering,Richmond,24,,408,2010-11-02,NY,general,State Senate
Total,Richmond,24,,75273,2010-11-02,NY,general,State Senate
Daniel L. Squadron,Kings,25,DEM,17421,2010-11-02,NY,general,State Senate
Daniel L. Squadron,New York,25,DEM,25996,2010-11-02,NY,general,State Senate
Daniel L. Squadron,Total,25,DEM,43417,2010-11-02,NY,general,State Senate
Joseph A. Nardiello,Kings,25,REP,2989,2010-11-02,NY,general,State Senate
Joseph A. Nardiello,New York,25,REP,5228,2010-11-02,NY,general,State Senate
Joseph A. Nardiello,Total,25,REP,8217,2010-11-02,NY,general,State Senate
Daniel L. Squadron,Kings,25,WOR,3725,2010-11-02,NY,general,State Senate
Daniel L. Squadron,New York,25,WOR,3343,2010-11-02,NY,general,State Senate
Daniel L. Squadron,Total,25,WOR,7068,2010-11-02,NY,general,State Senate
Blank,Kings,25,,2472,2010-11-02,NY,general,State Senate
Blank,New York,25,,5412,2010-11-02,NY,general,State Senate
Blank,Total,25,,7884,2010-11-02,NY,general,State Senate
Void,Kings,25,,0,2010-11-02,NY,general,State Senate
Void,New York,25,,0,2010-11-02,NY,general,State Senate
Void,Total,25,,0,2010-11-02,NY,general,State Senate
Scattering,Kings,25,,11,2010-11-02,NY,general,State Senate
Scattering,New York,25,,44,2010-11-02,NY,general,State Senate
Scattering,Total,25,,55,2010-11-02,NY,general,State Senate
Total,Kings,25,,26618,2010-11-02,NY,general,State Senate
Total,New York,25,,40023,2010-11-02,NY,general,State Senate
Total,Total,25,,66641,2010-11-02,NY,general,State Senate
Liz Krueger,New York,26,DEM,53019,2010-11-02,NY,general,State Senate
Saul J. Farber,New York,26,REP,22194,2010-11-02,NY,general,State Senate
Saul J. Farber,New York,26,IND,1440,2010-11-02,NY,general,State Senate
Liz Krueger,New York,26,WOR,3203,2010-11-02,NY,general,State Senate
Blank,New York,26,,6351,2010-11-02,NY,general,State Senate
Void,New York,26,,0,2010-11-02,NY,general,State Senate
Scattering,New York,26,,50,2010-11-02,NY,general,State Senate
Total,New York,26,,86257,2010-11-02,NY,general,State Senate
Carl Kruger,Kings,27,DEM,25004,2010-11-02,NY,general,State Senate
Avrahom Rosenberg,Kings,27,CON,9152,2010-11-02,NY,general,State Senate
Blank,Kings,27,,15701,2010-11-02,NY,general,State Senate
Void,Kings,27,,0,2010-11-02,NY,general,State Senate
Scattering,Kings,27,,48,2010-11-02,NY,general,State Senate
Total,Kings,27,,49905,2010-11-02,NY,general,State Senate
Jose M. Serrano,Bronx,28,DEM,17896,2010-11-02,NY,general,State Senate
Jose M. Serrano,New York,28,DEM,13334,2010-11-02,NY,general,State Senate
Jose M. Serrano,Total,28,DEM,31230,2010-11-02,NY,general,State Senate
Jon Girodes,Bronx,28,REP,581,2010-11-02,NY,general,State Senate
Jon Girodes,New York,28,REP,2050,2010-11-02,NY,general,State Senate
Jon Girodes,Total,28,REP,2631,2010-11-02,NY,general,State Senate
Keesha S. Weiner,Bronx,28,CON,260,2010-11-02,NY,general,State Senate
Keesha S. Weiner,New York,28,CON,308,2010-11-02,NY,general,State Senate
Keesha S. Weiner,Total,28,CON,568,2010-11-02,NY,general,State Senate
Jose M. Serrano,Bronx,28,WOR,848,2010-11-02,NY,general,State Senate
Jose M. Serrano,New York,28,WOR,1037,2010-11-02,NY,general,State Senate
Jose M. Serrano,Total,28,WOR,1885,2010-11-02,NY,general,State Senate
Blank,Bronx,28,,2532,2010-11-02,NY,general,State Senate
Blank,New York,28,,2951,2010-11-02,NY,general,State Senate
Blank,Total,28,,5483,2010-11-02,NY,general,State Senate
Void,Bronx,28,,0,2010-11-02,NY,general,State Senate
Void,New York,28,,0,2010-11-02,NY,general,State Senate
Void,Total,28,,0,2010-11-02,NY,general,State Senate
Scattering,Bronx,28,,15,2010-11-02,NY,general,State Senate
Scattering,New York,28,,25,2010-11-02,NY,general,State Senate
Scattering,Total,28,,40,2010-11-02,NY,general,State Senate
Total,Bronx,28,,22132,2010-11-02,NY,general,State Senate
Total,New York,28,,19705,2010-11-02,NY,general,State Senate
Total,Total,28,,41837,2010-11-02,NY,general,State Senate
Thomas K. Duane,New York,29,DEM,62468,2010-11-02,NY,general,State Senate
Joseph A. Mendola,New York,29,REP,12475,2010-11-02,NY,general,State Senate
Thomas K. Duane,New York,29,WOR,9177,2010-11-02,NY,general,State Senate
Blank,New York,29,,8371,2010-11-02,NY,general,State Senate
Void,New York,29,,0,2010-11-02,NY,general,State Senate
Scattering,New York,29,,74,2010-11-02,NY,general,State Senate
Total,New York,29,,92565,2010-11-02,NY,general,State Senate
Bill Perkins,New York,30,DEM,51784,2010-11-02,NY,general,State Senate
Donal Yarbrough,New York,30,REP,3795,2010-11-02,NY,general,State Senate
Bill Perkins,New York,30,WOR,5009,2010-11-02,NY,general,State Senate
Blank,New York,30,,7600,2010-11-02,NY,general,State Senate
Void,New York,30,,0,2010-11-02,NY,general,State Senate
Scattering,New York,30,,71,2010-11-02,NY,general,State Senate
Total,New York,30,,68259,2010-11-02,NY,general,State Senate
Adriano Espaillat,Bronx,31,DEM,5402,2010-11-02,NY,general,State Senate
Adriano Espaillat,New York,31,DEM,39397,2010-11-02,NY,general,State Senate
Adriano Espaillat,Total,31,DEM,44799,2010-11-02,NY,general,State Senate
Stylo Sapaskis,Bronx,31,REP,1600,2010-11-02,NY,general,State Senate
Stylo Sapaskis,New York,31,REP,4788,2010-11-02,NY,general,State Senate
Stylo Sapaskis,Total,31,REP,6388,2010-11-02,NY,general,State Senate
Raphael M. Klapper,Bronx,31,CON,324,2010-11-02,NY,general,State Senate
Raphael M. Klapper,New York,31,CON,640,2010-11-02,NY,general,State Senate
Raphael M. Klapper,Total,31,CON,964,2010-11-02,NY,general,State Senate
Adriano Espaillat,Bronx,31,WOR,473,2010-11-02,NY,general,State Senate
Adriano Espaillat,New York,31,WOR,4735,2010-11-02,NY,general,State Senate
Adriano Espaillat,Total,31,WOR,5208,2010-11-02,NY,general,State Senate
Ann J. Roos,Bronx,31,GRN,218,2010-11-02,NY,general,State Senate
Ann J. Roos,New York,31,GRN,1940,2010-11-02,NY,general,State Senate
Ann J. Roos,Total,31,GRN,2158,2010-11-02,NY,general,State Senate
Blank,Bronx,31,,974,2010-11-02,NY,general,State Senate
Blank,New York,31,,6215,2010-11-02,NY,general,State Senate
Blank,Total,31,,7189,2010-11-02,NY,general,State Senate
Void,Bronx,31,,0,2010-11-02,NY,general,State Senate
Void,New York,31,,0,2010-11-02,NY,general,State Senate
Void,Total,31,,0,2010-11-02,NY,general,State Senate
Scattering,Bronx,31,,8,2010-11-02,NY,general,State Senate
Scattering,New York,31,,95,2010-11-02,NY,general,State Senate
Scattering,Total,31,,103,2010-11-02,NY,general,State Senate
Total,Bronx,31,,8999,2010-11-02,NY,general,State Senate
Total,New York,31,,57810,2010-11-02,NY,general,State Senate
Total,Total,31,,66809,2010-11-02,NY,general,State Senate
Ruben Diaz,Bronx,32,DEM,33519,2010-11-02,NY,general,State Senate
Ruben Diaz,Bronx,32,REP,1747,2010-11-02,NY,general,State Senate
Michael E. Walters,Bronx,32,CON,2116,2010-11-02,NY,general,State Senate
Blank,Bronx,32,,4595,2010-11-02,NY,general,State Senate
Void,Bronx,32,,0,2010-11-02,NY,general,State Senate
Scattering,Bronx,32,,85,2010-11-02,NY,general,State Senate
Total,Bronx,32,,42062,2010-11-02,NY,general,State Senate
J. Gustavo Rivera,Bronx,33,DEM,25022,2010-11-02,NY,general,State Senate
J. Gustavo Rivera,Bronx,33,WOR,2395,2010-11-02,NY,general,State Senate
John Reynolds,Bronx,33,GRN,833,2010-11-02,NY,general,State Senate
Blank,Bronx,33,,5021,2010-11-02,NY,general,State Senate
Void,Bronx,33,,0,2010-11-02,NY,general,State Senate
Scattering,Bronx,33,,34,2010-11-02,NY,general,State Senate
Total,Bronx,33,,33305,2010-11-02,NY,general,State Senate
Jeffrey D. Klein,Bronx,34,DEM,18677,2010-11-02,NY,general,State Senate
Jeffrey D. Klein,Westchester,34,DEM,13239,2010-11-02,NY,general,State Senate
Jeffrey D. Klein,Total,34,DEM,31916,2010-11-02,NY,general,State Senate
"Frank V. Vernuccio, Jr.",Bronx,34,REP,6043,2010-11-02,NY,general,State Senate
"Frank V. Vernuccio, Jr.",Westchester,34,REP,8882,2010-11-02,NY,general,State Senate
"Frank V. Vernuccio, Jr.",Total,34,REP,14925,2010-11-02,NY,general,State Senate
Jeffrey D. Klein,Bronx,34,IND,955,2010-11-02,NY,general,State Senate
Jeffrey D. Klein,Westchester,34,IND,956,2010-11-02,NY,general,State Senate
Jeffrey D. Klein,Total,34,IND,1911,2010-11-02,NY,general,State Senate
"Frank V. Vernuccio, Jr.",Bronx,34,CON,1260,2010-11-02,NY,general,State Senate
"Frank V. Vernuccio, Jr.",Westchester,34,CON,1539,2010-11-02,NY,general,State Senate
"Frank V. Vernuccio, Jr.",Total,34,CON,2799,2010-11-02,NY,general,State Senate
Jeffrey D. Klein,Bronx,34,WOR,1326,2010-11-02,NY,general,State Senate
Jeffrey D. Klein,Westchester,34,WOR,710,2010-11-02,NY,general,State Senate
Jeffrey D. Klein,Total,34,WOR,2036,2010-11-02,NY,general,State Senate
Blank,Bronx,34,,2017,2010-11-02,NY,general,State Senate
Blank,Westchester,34,,1860,2010-11-02,NY,general,State Senate
Blank,Total,34,,3877,2010-11-02,NY,general,State Senate
Void,Bronx,34,,17,2010-11-02,NY,general,State Senate
Void,Westchester,34,,0,2010-11-02,NY,general,State Senate
Void,Total,34,,17,2010-11-02,NY,general,State Senate
Scattering,Bronx,34,,0,2010-11-02,NY,general,State Senate
Scattering,Westchester,34,,12,2010-11-02,NY,general,State Senate
Scattering,Total,34,,12,2010-11-02,NY,general,State Senate
Total,Bronx,34,,30295,2010-11-02,NY,general,State Senate
Total,Westchester,34,,27198,2010-11-02,NY,general,State Senate
Total,Total,34,,57493,2010-11-02,NY,general,State Senate
Andrea Stewart-Cousins,Westchester,35,DEM,39226,2010-11-02,NY,general,State Senate
Liam J. McLaughlin,Westchester,35,REP,29393,2010-11-02,NY,general,State Senate
Andrea Stewart-Cousins,Westchester,35,IND,1536,2010-11-02,NY,general,State Senate
Liam J. McLaughlin,Westchester,35,CON,4867,2010-11-02,NY,general,State Senate
Andrea Stewart-Cousins,Westchester,35,WOR,2220,2010-11-02,NY,general,State Senate
Blank,Westchester,35,,4333,2010-11-02,NY,general,State Senate
Void,Westchester,35,,0,2010-11-02,NY,general,State Senate
Scattering,Westchester,35,,22,2010-11-02,NY,general,State Senate
Total,Westchester,35,,81597,2010-11-02,NY,general,State Senate
Ruth H. Thompson,Bronx,36,DEM,37673,2010-11-02,NY,general,State Senate
Ruth H. Thompson,Westchester,36,DEM,7140,2010-11-02,NY,general,State Senate
Ruth H. Thompson,Total,36,DEM,44813,2010-11-02,NY,general,State Senate
Robert L. Diamond,Bronx,36,REP,1357,2010-11-02,NY,general,State Senate
Robert L. Diamond,Westchester,36,REP,213,2010-11-02,NY,general,State Senate
Robert L. Diamond,Total,36,REP,1570,2010-11-02,NY,general,State Senate
Robert L. Diamond,Bronx,36,CON,302,2010-11-02,NY,general,State Senate
Robert L. Diamond,Westchester,36,CON,35,2010-11-02,NY,general,State Senate
Robert L. Diamond,Total,36,CON,337,2010-11-02,NY,general,State Senate
Ruth H. Thompson,Bronx,36,WOR,2074,2010-11-02,NY,general,State Senate
Ruth H. Thompson,Westchester,36,WOR,226,2010-11-02,NY,general,State Senate
Ruth H. Thompson,Total,36,WOR,2300,2010-11-02,NY,general,State Senate
Blank,Bronx,36,,4139,2010-11-02,NY,general,State Senate
Blank,Westchester,36,,534,2010-11-02,NY,general,State Senate
Blank,Total,36,,4673,2010-11-02,NY,general,State Senate
Void,Bronx,36,,0,2010-11-02,NY,general,State Senate
Void,Westchester,36,,0,2010-11-02,NY,general,State Senate
Void,Total,36,,0,2010-11-02,NY,general,State Senate
Scattering,Bronx,36,,18,2010-11-02,NY,general,State Senate
Scattering,Westchester,36,,6,2010-11-02,NY,general,State Senate
Scattering,Total,36,,24,2010-11-02,NY,general,State Senate
Total,Bronx,36,,45563,2010-11-02,NY,general,State Senate
Total,Westchester,36,,8154,2010-11-02,NY,general,State Senate
Total,Total,36,,53717,2010-11-02,NY,general,State Senate
Suzi Oppenheimer,Westchester,37,DEM,42728,2010-11-02,NY,general,State Senate
Bob Cohen,Westchester,37,REP,38030,2010-11-02,NY,general,State Senate
Bob Cohen,Westchester,37,IND,2714,2010-11-02,NY,general,State Senate
Bob Cohen,Westchester,37,CON,3828,2010-11-02,NY,general,State Senate
Suzi Oppenheimer,Westchester,37,WOR,2572,2010-11-02,NY,general,State Senate
Blank,Westchester,37,,4570,2010-11-02,NY,general,State Senate
Void,Westchester,37,,0,2010-11-02,NY,general,State Senate
Scattering,Westchester,37,,25,2010-11-02,NY,general,State Senate
Total,Westchester,37,,94467,2010-11-02,NY,general,State Senate
David S. Carlucci,Rockland,38,DEM,43043,2010-11-02,NY,general,State Senate
David S. Carlucci,Orange,38,DEM,4339,2010-11-02,NY,general,State Senate
David S. Carlucci,Total,38,DEM,47382,2010-11-02,NY,general,State Senate
C. Scott Vanderhoef,Rockland,38,REP,32255,2010-11-02,NY,general,State Senate
C. Scott Vanderhoef,Orange,38,REP,5571,2010-11-02,NY,general,State Senate
C. Scott Vanderhoef,Total,38,REP,37826,2010-11-02,NY,general,State Senate
C. Scott Vanderhoef,Rockland,38,IND,1602,2010-11-02,NY,general,State Senate
C. Scott Vanderhoef,Orange,38,IND,326,2010-11-02,NY,general,State Senate
C. Scott Vanderhoef,Total,38,IND,1928,2010-11-02,NY,general,State Senate
C. Scott Vanderhoef,Rockland,38,CON,4867,2010-11-02,NY,general,State Senate
C. Scott Vanderhoef,Orange,38,CON,984,2010-11-02,NY,general,State Senate
C. Scott Vanderhoef,Total,38,CON,5851,2010-11-02,NY,general,State Senate
David S. Carlucci,Rockland,38,WOR,3767,2010-11-02,NY,general,State Senate
David S. Carlucci,Orange,38,WOR,366,2010-11-02,NY,general,State Senate
David S. Carlucci,Total,38,WOR,4133,2010-11-02,NY,general,State Senate
Blank,Rockland,38,,3318,2010-11-02,NY,general,State Senate
Blank,Orange,38,,753,2010-11-02,NY,general,State Senate
Blank,Total,38,,4071,2010-11-02,NY,general,State Senate
Void,Rockland,38,,117,2010-11-02,NY,general,State Senate
Void,Orange,38,,0,2010-11-02,NY,general,State Senate
Void,Total,38,,117,2010-11-02,NY,general,State Senate
Scattering,Rockland,38,,39,2010-11-02,NY,general,State Senate
Scattering,Orange,38,,4,2010-11-02,NY,general,State Senate
Scattering,Total,38,,43,2010-11-02,NY,general,State Senate
Total,Rockland,38,,89008,2010-11-02,NY,general,State Senate
Total,Orange,38,,12343,2010-11-02,NY,general,State Senate
Total,Total,38,,101351,2010-11-02,NY,general,State Senate
"Harley E. Doles, III",Orange,39,DEM,24412,2010-11-02,NY,general,State Senate
"Harley E. Doles, III",Ulster,39,DEM,6304,2010-11-02,NY,general,State Senate
"Harley E. Doles, III",Total,39,DEM,30716,2010-11-02,NY,general,State Senate
"William J. Larkin, Jr.",Orange,39,REP,34047,2010-11-02,NY,general,State Senate
"William J. Larkin, Jr.",Ulster,39,REP,8583,2010-11-02,NY,general,State Senate
"William J. Larkin, Jr.",Total,39,REP,42630,2010-11-02,NY,general,State Senate
"William J. Larkin, Jr.",Orange,39,IND,2482,2010-11-02,NY,general,State Senate
"William J. Larkin, Jr.",Ulster,39,IND,1001,2010-11-02,NY,general,State Senate
"William J. Larkin, Jr.",Total,39,IND,3483,2010-11-02,NY,general,State Senate
"William J. Larkin, Jr.",Orange,39,CON,4952,2010-11-02,NY,general,State Senate
"William J. Larkin, Jr.",Ulster,39,CON,1531,2010-11-02,NY,general,State Senate
"William J. Larkin, Jr.",Total,39,CON,6483,2010-11-02,NY,general,State Senate
"Harley E. Doles, III",Orange,39,WOR,2209,2010-11-02,NY,general,State Senate
"Harley E. Doles, III",Ulster,39,WOR,1036,2010-11-02,NY,general,State Senate
"Harley E. Doles, III",Total,39,WOR,3245,2010-11-02,NY,general,State Senate
Blank,Orange,39,,4057,2010-11-02,NY,general,State Senate
Blank,Ulster,39,,1146,2010-11-02,NY,general,State Senate
Blank,Total,39,,5203,2010-11-02,NY,general,State Senate
Void,Orange,39,,16,2010-11-02,NY,general,State Senate
Void,Ulster,39,,7,2010-11-02,NY,general,State Senate
Void,Total,39,,23,2010-11-02,NY,general,State Senate
Scattering,Orange,39,,32,2010-11-02,NY,general,State Senate
Scattering,Ulster,39,,6,2010-11-02,NY,general,State Senate
Scattering,Total,39,,38,2010-11-02,NY,general,State Senate
Total,Orange,39,,72207,2010-11-02,NY,general,State Senate
Total,Ulster,39,,19614,2010-11-02,NY,general,State Senate
Total,Total,39,,91821,2010-11-02,NY,general,State Senate
Michael B. Kaplowitz,Putnam,40,DEM,11862,2010-11-02,NY,general,State Senate
Michael B. Kaplowitz,Dutchess,40,DEM,4366,2010-11-02,NY,general,State Senate
Michael B. Kaplowitz,Westchester,40,DEM,27358,2010-11-02,NY,general,State Senate
Michael B. Kaplowitz,Total,40,DEM,43586,2010-11-02,NY,general,State Senate
Greg Ball,Putnam,40,REP,13693,2010-11-02,NY,general,State Senate
Greg Ball,Dutchess,40,REP,5777,2010-11-02,NY,general,State Senate
Greg Ball,Westchester,40,REP,22893,2010-11-02,NY,general,State Senate
Greg Ball,Total,40,REP,42363,2010-11-02,NY,general,State Senate
Michael B. Kaplowitz,Putnam,40,IND,2197,2010-11-02,NY,general,State Senate
Michael B. Kaplowitz,Dutchess,40,IND,505,2010-11-02,NY,general,State Senate
Michael B. Kaplowitz,Westchester,40,IND,2279,2010-11-02,NY,general,State Senate
Michael B. Kaplowitz,Total,40,IND,4981,2010-11-02,NY,general,State Senate
Greg Ball,Putnam,40,CON,3270,2010-11-02,NY,general,State Senate
Greg Ball,Dutchess,40,CON,1131,2010-11-02,NY,general,State Senate
Greg Ball,Westchester,40,CON,3941,2010-11-02,NY,general,State Senate
Greg Ball,Total,40,CON,8342,2010-11-02,NY,general,State Senate
Blank,Putnam,40,,1702,2010-11-02,NY,general,State Senate
Blank,Dutchess,40,,810,2010-11-02,NY,general,State Senate
Blank,Westchester,40,,3187,2010-11-02,NY,general,State Senate
Blank,Total,40,,5699,2010-11-02,NY,general,State Senate
Void,Putnam,40,,0,2010-11-02,NY,general,State Senate
Void,Dutchess,40,,,2010-11-02,NY,general,State Senate
Void,Westchester,40,,0,2010-11-02,NY,general,State Senate
Void,Total,40,,0,2010-11-02,NY,general,State Senate
Scattering,Putnam,40,,25,2010-11-02,NY,general,State Senate
Scattering,Dutchess,40,,5,2010-11-02,NY,general,State Senate
Scattering,Westchester,40,,42,2010-11-02,NY,general,State Senate
Scattering,Total,40,,72,2010-11-02,NY,general,State Senate
Total,Putnam,40,,32749,2010-11-02,NY,general,State Senate
Total,Dutchess,40,,12594,2010-11-02,NY,general,State Senate
Total,Westchester,40,,59700,2010-11-02,NY,general,State Senate
Total,Total,40,,105043,2010-11-02,NY,general,State Senate
Didi Barrett,Columbia,41,DEM,8247,2010-11-02,NY,general,State Senate
Didi Barrett,Dutchess,41,DEM,26095,2010-11-02,NY,general,State Senate
Didi Barrett,Total,41,DEM,34342,2010-11-02,NY,general,State Senate
Stephen M. Saland,Columbia,41,REP,10866,2010-11-02,NY,general,State Senate
Stephen M. Saland,Dutchess,41,REP,34587,2010-11-02,NY,general,State Senate
Stephen M. Saland,Total,41,REP,45453,2010-11-02,NY,general,State Senate
Stephen M. Saland,Columbia,41,IND,1230,2010-11-02,NY,general,State Senate
Stephen M. Saland,Dutchess,41,IND,2756,2010-11-02,NY,general,State Senate
Stephen M. Saland,Total,41,IND,3986,2010-11-02,NY,general,State Senate
Stephen M. Saland,Columbia,41,CON,1609,2010-11-02,NY,general,State Senate
Stephen M. Saland,Dutchess,41,CON,5632,2010-11-02,NY,general,State Senate
Stephen M. Saland,Total,41,CON,7241,2010-11-02,NY,general,State Senate
Didi Barrett,Columbia,41,WOR,1224,2010-11-02,NY,general,State Senate
Didi Barrett,Dutchess,41,WOR,2687,2010-11-02,NY,general,State Senate
Didi Barrett,Total,41,WOR,3911,2010-11-02,NY,general,State Senate
Blank,Columbia,41,,1066,2010-11-02,NY,general,State Senate
Blank,Dutchess,41,,3991,2010-11-02,NY,general,State Senate
Blank,Total,41,,5057,2010-11-02,NY,general,State Senate
Void,Columbia,41,,10,2010-11-02,NY,general,State Senate
Void,Dutchess,41,,3,2010-11-02,NY,general,State Senate
Void,Total,41,,13,2010-11-02,NY,general,State Senate
Scattering,Columbia,41,,12,2010-11-02,NY,general,State Senate
Scattering,Dutchess,41,,33,2010-11-02,NY,general,State Senate
Scattering,Total,41,,45,2010-11-02,NY,general,State Senate
Total,Columbia,41,,24264,2010-11-02,NY,general,State Senate
Total,Dutchess,41,,75784,2010-11-02,NY,general,State Senate
Total,Total,41,,100048,2010-11-02,NY,general,State Senate
David A. Sager,Delaware,42,DEM,3352,2010-11-02,NY,general,State Senate
David A. Sager,Sullivan,42,DEM,7227,2010-11-02,NY,general,State Senate
David A. Sager,Orange,42,DEM,4762,2010-11-02,NY,general,State Senate
David A. Sager,Ulster,42,DEM,15110,2010-11-02,NY,general,State Senate
David A. Sager,Total,42,DEM,30451,2010-11-02,NY,general,State Senate
John J. Bonacic,Delaware,42,REP,8162,2010-11-02,NY,general,State Senate
John J. Bonacic,Sullivan,42,REP,9860,2010-11-02,NY,general,State Senate
John J. Bonacic,Orange,42,REP,7663,2010-11-02,NY,general,State Senate
John J. Bonacic,Ulster,42,REP,16461,2010-11-02,NY,general,State Senate
John J. Bonacic,Total,42,REP,42146,2010-11-02,NY,general,State Senate
John J. Bonacic,Delaware,42,IND,570,2010-11-02,NY,general,State Senate
John J. Bonacic,Sullivan,42,IND,1061,2010-11-02,NY,general,State Senate
John J. Bonacic,Orange,42,IND,655,2010-11-02,NY,general,State Senate
John J. Bonacic,Ulster,42,IND,1947,2010-11-02,NY,general,State Senate
John J. Bonacic,Total,42,IND,4233,2010-11-02,NY,general,State Senate
John J. Bonacic,Delaware,42,CON,758,2010-11-02,NY,general,State Senate
John J. Bonacic,Sullivan,42,CON,1526,2010-11-02,NY,general,State Senate
John J. Bonacic,Orange,42,CON,1050,2010-11-02,NY,general,State Senate
John J. Bonacic,Ulster,42,CON,2820,2010-11-02,NY,general,State Senate
John J. Bonacic,Total,42,CON,6154,2010-11-02,NY,general,State Senate
David A. Sager,Delaware,42,WOR,495,2010-11-02,NY,general,State Senate
David A. Sager,Sullivan,42,WOR,1053,2010-11-02,NY,general,State Senate
David A. Sager,Orange,42,WOR,440,2010-11-02,NY,general,State Senate
David A. Sager,Ulster,42,WOR,3306,2010-11-02,NY,general,State Senate
David A. Sager,Total,42,WOR,5294,2010-11-02,NY,general,State Senate
Blank,Delaware,42,,721,2010-11-02,NY,general,State Senate
Blank,Sullivan,42,,1102,2010-11-02,NY,general,State Senate
Blank,Orange,42,,919,2010-11-02,NY,general,State Senate
Blank,Ulster,42,,2141,2010-11-02,NY,general,State Senate
Blank,Total,42,,4883,2010-11-02,NY,general,State Senate
Void,Delaware,42,,0,2010-11-02,NY,general,State Senate
Void,Sullivan,42,,12,2010-11-02,NY,general,State Senate
Void,Orange,42,,4,2010-11-02,NY,general,State Senate
Void,Ulster,42,,14,2010-11-02,NY,general,State Senate
Void,Total,42,,30,2010-11-02,NY,general,State Senate
Scattering,Delaware,42,,0,2010-11-02,NY,general,State Senate
Scattering,Sullivan,42,,10,2010-11-02,NY,general,State Senate
Scattering,Orange,42,,4,2010-11-02,NY,general,State Senate
Scattering,Ulster,42,,15,2010-11-02,NY,general,State Senate
Scattering,Total,42,,29,2010-11-02,NY,general,State Senate
Total,Delaware,42,,14058,2010-11-02,NY,general,State Senate
Total,Sullivan,42,,21851,2010-11-02,NY,general,State Senate
Total,Orange,42,,15497,2010-11-02,NY,general,State Senate
Total,Ulster,42,,41814,2010-11-02,NY,general,State Senate
Total,Total,42,,93220,2010-11-02,NY,general,State Senate
Joanne D. Yepsen,Rensselaer,43,DEM,20634,2010-11-02,NY,general,State Senate
Joanne D. Yepsen,Saratoga,43,DEM,20702,2010-11-02,NY,general,State Senate
Joanne D. Yepsen,Total,43,DEM,41336,2010-11-02,NY,general,State Senate
Roy J. McDonald,Rensselaer,43,REP,22135,2010-11-02,NY,general,State Senate
Roy J. McDonald,Saratoga,43,REP,29977,2010-11-02,NY,general,State Senate
Roy J. McDonald,Total,43,REP,52112,2010-11-02,NY,general,State Senate
Roy J. McDonald,Rensselaer,43,IND,2466,2010-11-02,NY,general,State Senate
Roy J. McDonald,Saratoga,43,IND,2263,2010-11-02,NY,general,State Senate
Roy J. McDonald,Total,43,IND,4729,2010-11-02,NY,general,State Senate
Roy J. McDonald,Rensselaer,43,CON,4214,2010-11-02,NY,general,State Senate
Roy J. McDonald,Saratoga,43,CON,3756,2010-11-02,NY,general,State Senate
Roy J. McDonald,Total,43,CON,7970,2010-11-02,NY,general,State Senate
Joanne D. Yepsen,Rensselaer,43,WOR,3048,2010-11-02,NY,general,State Senate
Joanne D. Yepsen,Saratoga,43,WOR,2158,2010-11-02,NY,general,State Senate
Joanne D. Yepsen,Total,43,WOR,5206,2010-11-02,NY,general,State Senate
Blank,Rensselaer,43,,2537,2010-11-02,NY,general,State Senate
Blank,Saratoga,43,,2811,2010-11-02,NY,general,State Senate
Blank,Total,43,,5348,2010-11-02,NY,general,State Senate
Void,Rensselaer,43,,42,2010-11-02,NY,general,State Senate
Void,Saratoga,43,,0,2010-11-02,NY,general,State Senate
Void,Total,43,,42,2010-11-02,NY,general,State Senate
Scattering,Rensselaer,43,,0,2010-11-02,NY,general,State Senate
Scattering,Saratoga,43,,28,2010-11-02,NY,general,State Senate
Scattering,Total,43,,28,2010-11-02,NY,general,State Senate
Total,Rensselaer,43,,55076,2010-11-02,NY,general,State Senate
Total,Saratoga,43,,61695,2010-11-02,NY,general,State Senate
Total,Total,43,,116771,2010-11-02,NY,general,State Senate
Susan E. Savage,Fulton,44,DEM,3803,2010-11-02,NY,general,State Senate
Susan E. Savage,Montgomery,44,DEM,3926,2010-11-02,NY,general,State Senate
Susan E. Savage,Schenectady,44,DEM,16660,2010-11-02,NY,general,State Senate
Susan E. Savage,Saratoga,44,DEM,6253,2010-11-02,NY,general,State Senate
Susan E. Savage,Total,44,DEM,30642,2010-11-02,NY,general,State Senate
Hugh T. Farley,Fulton,44,REP,9129,2010-11-02,NY,general,State Senate
Hugh T. Farley,Montgomery,44,REP,7565,2010-11-02,NY,general,State Senate
Hugh T. Farley,Schenectady,44,REP,22715,2010-11-02,NY,general,State Senate
Hugh T. Farley,Saratoga,44,REP,11334,2010-11-02,NY,general,State Senate
Hugh T. Farley,Total,44,REP,50743,2010-11-02,NY,general,State Senate
Hugh T. Farley,Fulton,44,IND,510,2010-11-02,NY,general,State Senate
Hugh T. Farley,Montgomery,44,IND,576,2010-11-02,NY,general,State Senate
Hugh T. Farley,Schenectady,44,IND,2299,2010-11-02,NY,general,State Senate
Hugh T. Farley,Saratoga,44,IND,740,2010-11-02,NY,general,State Senate
Hugh T. Farley,Total,44,IND,4125,2010-11-02,NY,general,State Senate
Hugh T. Farley,Fulton,44,CON,825,2010-11-02,NY,general,State Senate
Hugh T. Farley,Montgomery,44,CON,1033,2010-11-02,NY,general,State Senate
Hugh T. Farley,Schenectady,44,CON,3519,2010-11-02,NY,general,State Senate
Hugh T. Farley,Saratoga,44,CON,1526,2010-11-02,NY,general,State Senate
Hugh T. Farley,Total,44,CON,6903,2010-11-02,NY,general,State Senate
Susan E. Savage,Fulton,44,WOR,481,2010-11-02,NY,general,State Senate
Susan E. Savage,Montgomery,44,WOR,572,2010-11-02,NY,general,State Senate
Susan E. Savage,Schenectady,44,WOR,2027,2010-11-02,NY,general,State Senate
Susan E. Savage,Saratoga,44,WOR,711,2010-11-02,NY,general,State Senate
Susan E. Savage,Total,44,WOR,3791,2010-11-02,NY,general,State Senate
Blank,Fulton,44,,673,2010-11-02,NY,general,State Senate
Blank,Montgomery,44,,567,2010-11-02,NY,general,State Senate
Blank,Schenectady,44,,1963,2010-11-02,NY,general,State Senate
Blank,Saratoga,44,,1164,2010-11-02,NY,general,State Senate
Blank,Total,44,,4367,2010-11-02,NY,general,State Senate
Void,Fulton,44,,4,2010-11-02,NY,general,State Senate
Void,Montgomery,44,,8,2010-11-02,NY,general,State Senate
Void,Schenectady,44,,0,2010-11-02,NY,general,State Senate
Void,Saratoga,44,,0,2010-11-02,NY,general,State Senate
Void,Total,44,,12,2010-11-02,NY,general,State Senate
Scattering,Fulton,44,,3,2010-11-02,NY,general,State Senate
Scattering,Montgomery,44,,9,2010-11-02,NY,general,State Senate
Scattering,Schenectady,44,,160,2010-11-02,NY,general,State Senate
Scattering,Saratoga,44,,20,2010-11-02,NY,general,State Senate
Scattering,Total,44,,192,2010-11-02,NY,general,State Senate
Total,Fulton,44,,15428,2010-11-02,NY,general,State Senate
Total,Montgomery,44,,14256,2010-11-02,NY,general,State Senate
Total,Schenectady,44,,49343,2010-11-02,NY,general,State Senate
Total,Saratoga,44,,21748,2010-11-02,NY,general,State Senate
Total,Total,44,,100775,2010-11-02,NY,general,State Senate
Elizabeth O'C. Little,Clinton,45,REP,12834,2010-11-02,NY,general,State Senate
Elizabeth O'C. Little,Essex,45,REP,8201,2010-11-02,NY,general,State Senate
Elizabeth O'C. Little,Franklin,45,REP,7565,2010-11-02,NY,general,State Senate
Elizabeth O'C. Little,Hamilton,45,REP,1820,2010-11-02,NY,general,State Senate
Elizabeth O'C. Little,Warren,45,REP,14902,2010-11-02,NY,general,State Senate
Elizabeth O'C. Little,Washington,45,REP,11281,2010-11-02,NY,general,State Senate
Elizabeth O'C. Little,Total,45,REP,56603,2010-11-02,NY,general,State Senate
Elizabeth O'C. Little,Clinton,45,IND,2623,2010-11-02,NY,general,State Senate
Elizabeth O'C. Little,Essex,45,IND,1653,2010-11-02,NY,general,State Senate
Elizabeth O'C. Little,Franklin,45,IND,1351,2010-11-02,NY,general,State Senate
Elizabeth O'C. Little,Hamilton,45,IND,244,2010-11-02,NY,general,State Senate
Elizabeth O'C. Little,Warren,45,IND,2532,2010-11-02,NY,general,State Senate
Elizabeth O'C. Little,Washington,45,IND,1737,2010-11-02,NY,general,State Senate
Elizabeth O'C. Little,Total,45,IND,10140,2010-11-02,NY,general,State Senate
Elizabeth O'C. Little,Clinton,45,CON,1167,2010-11-02,NY,general,State Senate
Elizabeth O'C. Little,Essex,45,CON,528,2010-11-02,NY,general,State Senate
Elizabeth O'C. Little,Franklin,45,CON,545,2010-11-02,NY,general,State Senate
Elizabeth O'C. Little,Hamilton,45,CON,148,2010-11-02,NY,general,State Senate
Elizabeth O'C. Little,Warren,45,CON,1317,2010-11-02,NY,general,State Senate
Elizabeth O'C. Little,Washington,45,CON,1295,2010-11-02,NY,general,State Senate
Elizabeth O'C. Little,Total,45,CON,5000,2010-11-02,NY,general,State Senate
Blank,Clinton,45,,6832,2010-11-02,NY,general,State Senate
Blank,Essex,45,,2999,2010-11-02,NY,general,State Senate
Blank,Franklin,45,,3150,2010-11-02,NY,general,State Senate
Blank,Hamilton,45,,0,2010-11-02,NY,general,State Senate
Blank,Warren,45,,4728,2010-11-02,NY,general,State Senate
Blank,Washington,45,,4665,2010-11-02,NY,general,State Senate
Blank,Total,45,,22374,2010-11-02,NY,general,State Senate
Void,Clinton,45,,5,2010-11-02,NY,general,State Senate
Void,Essex,45,,0,2010-11-02,NY,general,State Senate
Void,Franklin,45,,4,2010-11-02,NY,general,State Senate
Void,Hamilton,45,,449,2010-11-02,NY,general,State Senate
Void,Warren,45,,5,2010-11-02,NY,general,State Senate
Void,Washington,45,,0,2010-11-02,NY,general,State Senate
Void,Total,45,,463,2010-11-02,NY,general,State Senate
Scattering,Clinton,45,,91,2010-11-02,NY,general,State Senate
Scattering,Essex,45,,46,2010-11-02,NY,general,State Senate
Scattering,Franklin,45,,48,2010-11-02,NY,general,State Senate
Scattering,Hamilton,45,,6,2010-11-02,NY,general,State Senate
Scattering,Warren,45,,87,2010-11-02,NY,general,State Senate
Scattering,Washington,45,,51,2010-11-02,NY,general,State Senate
Scattering,Total,45,,329,2010-11-02,NY,general,State Senate
Total,Clinton,45,,23552,2010-11-02,NY,general,State Senate
Total,Essex,45,,13427,2010-11-02,NY,general,State Senate
Total,Franklin,45,,12663,2010-11-02,NY,general,State Senate
Total,Hamilton,45,,2667,2010-11-02,NY,general,State Senate
Total,Warren,45,,23571,2010-11-02,NY,general,State Senate
Total,Washington,45,,19029,2010-11-02,NY,general,State Senate
Total,Total,45,,94909,2010-11-02,NY,general,State Senate
Neil D. Breslin,Albany,46,DEM,47073,2010-11-02,NY,general,State Senate
Robert L. Domenici,Albany,46,REP,34116,2010-11-02,NY,general,State Senate
Neil D. Breslin,Albany,46,IND,3002,2010-11-02,NY,general,State Senate
Robert L. Domenici,Albany,46,CON,6292,2010-11-02,NY,general,State Senate
Neil D. Breslin,Albany,46,WOR,3649,2010-11-02,NY,general,State Senate
Michael J. Carey,Albany,46,RFM,5980,2010-11-02,NY,general,State Senate
Blank,Albany,46,,3931,2010-11-02,NY,general,State Senate
Void,Albany,46,,109,2010-11-02,NY,general,State Senate
Scattering,Albany,46,,108,2010-11-02,NY,general,State Senate
Total,Albany,46,,104260,2010-11-02,NY,general,State Senate
Michael J. Hennessy,Lewis,47,DEM,1548,2010-11-02,NY,general,State Senate
Michael J. Hennessy,Oneida,47,DEM,17187,2010-11-02,NY,general,State Senate
Michael J. Hennessy,St.Lawrence,47,DEM,5331,2010-11-02,NY,general,State Senate
Michael J. Hennessy,Total,47,DEM,24066,2010-11-02,NY,general,State Senate
Joseph A. Griffo,Lewis,47,REP,4769,2010-11-02,NY,general,State Senate
Joseph A. Griffo,Oneida,47,REP,36202,2010-11-02,NY,general,State Senate
Joseph A. Griffo,St.Lawrence,47,REP,6576,2010-11-02,NY,general,State Senate
Joseph A. Griffo,Total,47,REP,47547,2010-11-02,NY,general,State Senate
Joseph A. Griffo,Lewis,47,IND,336,2010-11-02,NY,general,State Senate
Joseph A. Griffo,Oneida,47,IND,3133,2010-11-02,NY,general,State Senate
Joseph A. Griffo,St.Lawrence,47,IND,558,2010-11-02,NY,general,State Senate
Joseph A. Griffo,Total,47,IND,4027,2010-11-02,NY,general,State Senate
Joseph A. Griffo,Lewis,47,CON,404,2010-11-02,NY,general,State Senate
Joseph A. Griffo,Oneida,47,CON,3382,2010-11-02,NY,general,State Senate
Joseph A. Griffo,St.Lawrence,47,CON,549,2010-11-02,NY,general,State Senate
Joseph A. Griffo,Total,47,CON,4335,2010-11-02,NY,general,State Senate
Michael J. Hennessy,Lewis,47,FAP,28,2010-11-02,NY,general,State Senate
Michael J. Hennessy,Oneida,47,FAP,1132,2010-11-02,NY,general,State Senate
Michael J. Hennessy,St.Lawrence,47,FAP,299,2010-11-02,NY,general,State Senate
Michael J. Hennessy,Total,47,FAP,1459,2010-11-02,NY,general,State Senate
Blank,Lewis,47,,487,2010-11-02,NY,general,State Senate
Blank,Oneida,47,,2535,2010-11-02,NY,general,State Senate
Blank,St.Lawrence,47,,1310,2010-11-02,NY,general,State Senate
Blank,Total,47,,4332,2010-11-02,NY,general,State Senate
Void,Lewis,47,,0,2010-11-02,NY,general,State Senate
Void,Oneida,47,,0,2010-11-02,NY,general,State Senate
Void,St.Lawrence,47,,0,2010-11-02,NY,general,State Senate
Void,Total,47,,0,2010-11-02,NY,general,State Senate
Scattering,Lewis,47,,7,2010-11-02,NY,general,State Senate
Scattering,Oneida,47,,40,2010-11-02,NY,general,State Senate
Scattering,St.Lawrence,47,,13,2010-11-02,NY,general,State Senate
Scattering,Total,47,,60,2010-11-02,NY,general,State Senate
Total,Lewis,47,,7579,2010-11-02,NY,general,State Senate
Total,Oneida,47,,63611,2010-11-02,NY,general,State Senate
Total,St.Lawrence,47,,14636,2010-11-02,NY,general,State Senate
Total,Total,47,,85826,2010-11-02,NY,general,State Senate
Darrel J. Aubertine,Jefferson,48,DEM,12898,2010-11-02,NY,general,State Senate
Darrel J. Aubertine,Oswego,48,DEM,12215,2010-11-02,NY,general,State Senate
Darrel J. Aubertine,St.Lawrence,48,DEM,5739,2010-11-02,NY,general,State Senate
Darrel J. Aubertine,Total,48,DEM,30852,2010-11-02,NY,general,State Senate
Patricia A. Ritchie,Jefferson,48,REP,11133,2010-11-02,NY,general,State Senate
Patricia A. Ritchie,Oswego,48,REP,14340,2010-11-02,NY,general,State Senate
Patricia A. Ritchie,St.Lawrence,48,REP,7799,2010-11-02,NY,general,State Senate
Patricia A. Ritchie,Total,48,REP,33272,2010-11-02,NY,general,State Senate
Darrel J. Aubertine,Jefferson,48,IND,1628,2010-11-02,NY,general,State Senate
Darrel J. Aubertine,Oswego,48,IND,1668,2010-11-02,NY,general,State Senate
Darrel J. Aubertine,St.Lawrence,48,IND,564,2010-11-02,NY,general,State Senate
Darrel J. Aubertine,Total,48,IND,3860,2010-11-02,NY,general,State Senate
Patricia A. Ritchie,Jefferson,48,CON,1307,2010-11-02,NY,general,State Senate
Patricia A. Ritchie,Oswego,48,CON,2722,2010-11-02,NY,general,State Senate
Patricia A. Ritchie,St.Lawrence,48,CON,893,2010-11-02,NY,general,State Senate
Patricia A. Ritchie,Total,48,CON,4922,2010-11-02,NY,general,State Senate
Patricia A. Ritchie,Jefferson,48,TXP,75,2010-11-02,NY,general,State Senate
Patricia A. Ritchie,Oswego,48,TXP,147,2010-11-02,NY,general,State Senate
Patricia A. Ritchie,St.Lawrence,48,TXP,92,2010-11-02,NY,general,State Senate
Patricia A. Ritchie,Total,48,TXP,314,2010-11-02,NY,general,State Senate
Blank,Jefferson,48,,703,2010-11-02,NY,general,State Senate
Blank,Oswego,48,,1163,2010-11-02,NY,general,State Senate
Blank,St.Lawrence,48,,333,2010-11-02,NY,general,State Senate
Blank,Total,48,,2199,2010-11-02,NY,general,State Senate
Void,Jefferson,48,,0,2010-11-02,NY,general,State Senate
Void,Oswego,48,,34,2010-11-02,NY,general,State Senate
Void,St.Lawrence,48,,0,2010-11-02,NY,general,State Senate
Void,Total,48,,34,2010-11-02,NY,general,State Senate
Scattering,Jefferson,48,,16,2010-11-02,NY,general,State Senate
Scattering,Oswego,48,,51,2010-11-02,NY,general,State Senate
Scattering,St.Lawrence,48,,8,2010-11-02,NY,general,State Senate
Scattering,Total,48,,75,2010-11-02,NY,general,State Senate
Total,Jefferson,48,,27760,2010-11-02,NY,general,State Senate
Total,Oswego,48,,32340,2010-11-02,NY,general,State Senate
Total,St.Lawrence,48,,15428,2010-11-02,NY,general,State Senate
Total,Total,48,,75528,2010-11-02,NY,general,State Senate
David J. Valesky,Madison,49,DEM,8176,2010-11-02,NY,general,State Senate
David J. Valesky,Cayuga,49,DEM,3326,2010-11-02,NY,general,State Senate
David J. Valesky,Oneida,49,DEM,2174,2010-11-02,NY,general,State Senate
David J. Valesky,Onondaga,49,DEM,23961,2010-11-02,NY,general,State Senate
David J. Valesky,Total,49,DEM,37637,2010-11-02,NY,general,State Senate
Andrew C. Russo,Madison,49,REP,8979,2010-11-02,NY,general,State Senate
Andrew C. Russo,Cayuga,49,REP,4126,2010-11-02,NY,general,State Senate
Andrew C. Russo,Oneida,49,REP,2585,2010-11-02,NY,general,State Senate
Andrew C. Russo,Onondaga,49,REP,17070,2010-11-02,NY,general,State Senate
Andrew C. Russo,Total,49,REP,32760,2010-11-02,NY,general,State Senate
David J. Valesky,Madison,49,IND,925,2010-11-02,NY,general,State Senate
David J. Valesky,Cayuga,49,IND,308,2010-11-02,NY,general,State Senate
David J. Valesky,Oneida,49,IND,295,2010-11-02,NY,general,State Senate
David J. Valesky,Onondaga,49,IND,1574,2010-11-02,NY,general,State Senate
David J. Valesky,Total,49,IND,3102,2010-11-02,NY,general,State Senate
Andrew C. Russo,Madison,49,CON,1849,2010-11-02,NY,general,State Senate
Andrew C. Russo,Cayuga,49,CON,814,2010-11-02,NY,general,State Senate
Andrew C. Russo,Oneida,49,CON,408,2010-11-02,NY,general,State Senate
Andrew C. Russo,Onondaga,49,CON,3486,2010-11-02,NY,general,State Senate
Andrew C. Russo,Total,49,CON,6557,2010-11-02,NY,general,State Senate
David J. Valesky,Madison,49,WOR,674,2010-11-02,NY,general,State Senate
David J. Valesky,Cayuga,49,WOR,215,2010-11-02,NY,general,State Senate
David J. Valesky,Oneida,49,WOR,129,2010-11-02,NY,general,State Senate
David J. Valesky,Onondaga,49,WOR,2178,2010-11-02,NY,general,State Senate
David J. Valesky,Total,49,WOR,3196,2010-11-02,NY,general,State Senate
Blank,Madison,49,,932,2010-11-02,NY,general,State Senate
Blank,Cayuga,49,,445,2010-11-02,NY,general,State Senate
Blank,Oneida,49,,336,2010-11-02,NY,general,State Senate
Blank,Onondaga,49,,2321,2010-11-02,NY,general,State Senate
Blank,Total,49,,4034,2010-11-02,NY,general,State Senate
Void,Madison,49,,39,2010-11-02,NY,general,State Senate
Void,Cayuga,49,,0,2010-11-02,NY,general,State Senate
Void,Oneida,49,,0,2010-11-02,NY,general,State Senate
Void,Onondaga,49,,0,2010-11-02,NY,general,State Senate
Void,Total,49,,39,2010-11-02,NY,general,State Senate
Scattering,Madison,49,,0,2010-11-02,NY,general,State Senate
Scattering,Cayuga,49,,2,2010-11-02,NY,general,State Senate
Scattering,Oneida,49,,5,2010-11-02,NY,general,State Senate
Scattering,Onondaga,49,,72,2010-11-02,NY,general,State Senate
Scattering,Total,49,,79,2010-11-02,NY,general,State Senate
Total,Madison,49,,21574,2010-11-02,NY,general,State Senate
Total,Cayuga,49,,9236,2010-11-02,NY,general,State Senate
Total,Oneida,49,,5932,2010-11-02,NY,general,State Senate
Total,Onondaga,49,,50662,2010-11-02,NY,general,State Senate
Total,Total,49,,87404,2010-11-02,NY,general,State Senate
Kathleen Joy,Onondaga,50,DEM,27731,2010-11-02,NY,general,State Senate
John A. DeFrancisco,Onondaga,50,REP,46821,2010-11-02,NY,general,State Senate
John A. DeFrancisco,Onondaga,50,IND,4978,2010-11-02,NY,general,State Senate
John A. DeFrancisco,Onondaga,50,CON,7093,2010-11-02,NY,general,State Senate
Kathleen Joy,Onondaga,50,WOR,4266,2010-11-02,NY,general,State Senate
Blank,Onondaga,50,,3867,2010-11-02,NY,general,State Senate
Void,Onondaga,50,,0,2010-11-02,NY,general,State Senate
Scattering,Onondaga,50,,59,2010-11-02,NY,general,State Senate
Total,Onondaga,50,,94815,2010-11-02,NY,general,State Senate
James L. Seward,Cortland,51,REP,7999,2010-11-02,NY,general,State Senate
James L. Seward,Greene,51,REP,8804,2010-11-02,NY,general,State Senate
James L. Seward,Herkimer,51,REP,12387,2010-11-02,NY,general,State Senate
James L. Seward,Otsego,51,REP,10844,2010-11-02,NY,general,State Senate
James L. Seward,Schoharie,51,REP,6287,2010-11-02,NY,general,State Senate
James L. Seward,Chenango,51,REP,2040,2010-11-02,NY,general,State Senate
James L. Seward,Tompkins,51,REP,4089,2010-11-02,NY,general,State Senate
James L. Seward,Total,51,REP,52450,2010-11-02,NY,general,State Senate
James L. Seward,Cortland,51,IND,1239,2010-11-02,NY,general,State Senate
James L. Seward,Greene,51,IND,1301,2010-11-02,NY,general,State Senate
James L. Seward,Herkimer,51,IND,1519,2010-11-02,NY,general,State Senate
James L. Seward,Otsego,51,IND,1818,2010-11-02,NY,general,State Senate
James L. Seward,Schoharie,51,IND,1054,2010-11-02,NY,general,State Senate
James L. Seward,Chenango,51,IND,231,2010-11-02,NY,general,State Senate
James L. Seward,Tompkins,51,IND,918,2010-11-02,NY,general,State Senate
James L. Seward,Total,51,IND,8080,2010-11-02,NY,general,State Senate
James L. Seward,Cortland,51,CON,906,2010-11-02,NY,general,State Senate
James L. Seward,Greene,51,CON,1568,2010-11-02,NY,general,State Senate
James L. Seward,Herkimer,51,CON,1207,2010-11-02,NY,general,State Senate
James L. Seward,Otsego,51,CON,1066,2010-11-02,NY,general,State Senate
James L. Seward,Schoharie,51,CON,1055,2010-11-02,NY,general,State Senate
James L. Seward,Chenango,51,CON,177,2010-11-02,NY,general,State Senate
James L. Seward,Tompkins,51,CON,447,2010-11-02,NY,general,State Senate
James L. Seward,Total,51,CON,6426,2010-11-02,NY,general,State Senate
Blank,Cortland,51,,3910,2010-11-02,NY,general,State Senate
Blank,Greene,51,,5154,2010-11-02,NY,general,State Senate
Blank,Herkimer,51,,4915,2010-11-02,NY,general,State Senate
Blank,Otsego,51,,4653,2010-11-02,NY,general,State Senate
Blank,Schoharie,51,,2201,2010-11-02,NY,general,State Senate
Blank,Chenango,51,,579,2010-11-02,NY,general,State Senate
Blank,Tompkins,51,,4107,2010-11-02,NY,general,State Senate
Blank,Total,51,,25519,2010-11-02,NY,general,State Senate
Void,Cortland,51,,0,2010-11-02,NY,general,State Senate
Void,Greene,51,,0,2010-11-02,NY,general,State Senate
Void,Herkimer,51,,33,2010-11-02,NY,general,State Senate
Void,Otsego,51,,34,2010-11-02,NY,general,State Senate
Void,Schoharie,51,,4,2010-11-02,NY,general,State Senate
Void,Chenango,51,,1,2010-11-02,NY,general,State Senate
Void,Tompkins,51,,3,2010-11-02,NY,general,State Senate
Void,Total,51,,75,2010-11-02,NY,general,State Senate
Scattering,Cortland,51,,78,2010-11-02,NY,general,State Senate
Scattering,Greene,51,,24,2010-11-02,NY,general,State Senate
Scattering,Herkimer,51,,38,2010-11-02,NY,general,State Senate
Scattering,Otsego,51,,102,2010-11-02,NY,general,State Senate
Scattering,Schoharie,51,,48,2010-11-02,NY,general,State Senate
Scattering,Chenango,51,,3,2010-11-02,NY,general,State Senate
Scattering,Tompkins,51,,72,2010-11-02,NY,general,State Senate
Scattering,Total,51,,365,2010-11-02,NY,general,State Senate
Total,Cortland,51,,14132,2010-11-02,NY,general,State Senate
Total,Greene,51,,16851,2010-11-02,NY,general,State Senate
Total,Herkimer,51,,20099,2010-11-02,NY,general,State Senate
Total,Otsego,51,,18517,2010-11-02,NY,general,State Senate
Total,Schoharie,51,,10649,2010-11-02,NY,general,State Senate
Total,Chenango,51,,3031,2010-11-02,NY,general,State Senate
Total,Tompkins,51,,9636,2010-11-02,NY,general,State Senate
Total,Total,51,,92915,2010-11-02,NY,general,State Senate
John P. Orzel,Broome,52,DEM,25837,2010-11-02,NY,general,State Senate
John P. Orzel,Tioga,52,DEM,4590,2010-11-02,NY,general,State Senate
John P. Orzel,Chenango,52,DEM,2919,2010-11-02,NY,general,State Senate
John P. Orzel,Total,52,DEM,33346,2010-11-02,NY,general,State Senate
Thomas W. Libous,Broome,52,REP,29066,2010-11-02,NY,general,State Senate
Thomas W. Libous,Tioga,52,REP,9795,2010-11-02,NY,general,State Senate
Thomas W. Libous,Chenango,52,REP,6752,2010-11-02,NY,general,State Senate
Thomas W. Libous,Total,52,REP,45613,2010-11-02,NY,general,State Senate
Thomas W. Libous,Broome,52,IND,2029,2010-11-02,NY,general,State Senate
Thomas W. Libous,Tioga,52,IND,618,2010-11-02,NY,general,State Senate
Thomas W. Libous,Chenango,52,IND,514,2010-11-02,NY,general,State Senate
Thomas W. Libous,Total,52,IND,3161,2010-11-02,NY,general,State Senate
Thomas W. Libous,Broome,52,CON,2536,2010-11-02,NY,general,State Senate
Thomas W. Libous,Tioga,52,CON,835,2010-11-02,NY,general,State Senate
Thomas W. Libous,Chenango,52,CON,555,2010-11-02,NY,general,State Senate
Thomas W. Libous,Total,52,CON,3926,2010-11-02,NY,general,State Senate
Blank,Broome,52,,2974,2010-11-02,NY,general,State Senate
Blank,Tioga,52,,1026,2010-11-02,NY,general,State Senate
Blank,Chenango,52,,514,2010-11-02,NY,general,State Senate
Blank,Total,52,,4514,2010-11-02,NY,general,State Senate
Void,Broome,52,,30,2010-11-02,NY,general,State Senate
Void,Tioga,52,,0,2010-11-02,NY,general,State Senate
Void,Chenango,52,,15,2010-11-02,NY,general,State Senate
Void,Total,52,,45,2010-11-02,NY,general,State Senate
Scattering,Broome,52,,43,2010-11-02,NY,general,State Senate
Scattering,Tioga,52,,21,2010-11-02,NY,general,State Senate
Scattering,Chenango,52,,7,2010-11-02,NY,general,State Senate
Scattering,Total,52,,71,2010-11-02,NY,general,State Senate
Total,Broome,52,,62515,2010-11-02,NY,general,State Senate
Total,Tioga,52,,16885,2010-11-02,NY,general,State Senate
Total,Chenango,52,,11276,2010-11-02,NY,general,State Senate
Total,Total,52,,90676,2010-11-02,NY,general,State Senate
Pamela Mackesey,Chemung,53,DEM,7158,2010-11-02,NY,general,State Senate
Pamela Mackesey,Schuyler,53,DEM,1721,2010-11-02,NY,general,State Senate
Pamela Mackesey,Steuben,53,DEM,7153,2010-11-02,NY,general,State Senate
Pamela Mackesey,Yates,53,DEM,2245,2010-11-02,NY,general,State Senate
Pamela Mackesey,Tompkins,53,DEM,9154,2010-11-02,NY,general,State Senate
Pamela Mackesey,Total,53,DEM,27431,2010-11-02,NY,general,State Senate
Thomas F. O'Mara,Chemung,53,REP,14887,2010-11-02,NY,general,State Senate
Thomas F. O'Mara,Schuyler,53,REP,3310,2010-11-02,NY,general,State Senate
Thomas F. O'Mara,Steuben,53,REP,16460,2010-11-02,NY,general,State Senate
Thomas F. O'Mara,Yates,53,REP,3752,2010-11-02,NY,general,State Senate
Thomas F. O'Mara,Tompkins,53,REP,3469,2010-11-02,NY,general,State Senate
Thomas F. O'Mara,Total,53,REP,41878,2010-11-02,NY,general,State Senate
Thomas F. O'Mara,Chemung,53,CON,1323,2010-11-02,NY,general,State Senate
Thomas F. O'Mara,Schuyler,53,CON,455,2010-11-02,NY,general,State Senate
Thomas F. O'Mara,Steuben,53,CON,1654,2010-11-02,NY,general,State Senate
Thomas F. O'Mara,Yates,53,CON,515,2010-11-02,NY,general,State Senate
Thomas F. O'Mara,Tompkins,53,CON,401,2010-11-02,NY,general,State Senate
Thomas F. O'Mara,Total,53,CON,4348,2010-11-02,NY,general,State Senate
Pamela Mackesey,Chemung,53,WOR,590,2010-11-02,NY,general,State Senate
Pamela Mackesey,Schuyler,53,WOR,290,2010-11-02,NY,general,State Senate
Pamela Mackesey,Steuben,53,WOR,843,2010-11-02,NY,general,State Senate
Pamela Mackesey,Yates,53,WOR,214,2010-11-02,NY,general,State Senate
Pamela Mackesey,Tompkins,53,WOR,2102,2010-11-02,NY,general,State Senate
Pamela Mackesey,Total,53,WOR,4039,2010-11-02,NY,general,State Senate
Blank,Chemung,53,,1089,2010-11-02,NY,general,State Senate
Blank,Schuyler,53,,262,2010-11-02,NY,general,State Senate
Blank,Steuben,53,,1910,2010-11-02,NY,general,State Senate
Blank,Yates,53,,461,2010-11-02,NY,general,State Senate
Blank,Tompkins,53,,873,2010-11-02,NY,general,State Senate
Blank,Total,53,,4595,2010-11-02,NY,general,State Senate
Void,Chemung,53,,0,2010-11-02,NY,general,State Senate
Void,Schuyler,53,,0,2010-11-02,NY,general,State Senate
Void,Steuben,53,,27,2010-11-02,NY,general,State Senate
Void,Yates,53,,5,2010-11-02,NY,general,State Senate
Void,Tompkins,53,,5,2010-11-02,NY,general,State Senate
Void,Total,53,,37,2010-11-02,NY,general,State Senate
Scattering,Chemung,53,,0,2010-11-02,NY,general,State Senate
Scattering,Schuyler,53,,2,2010-11-02,NY,general,State Senate
Scattering,Steuben,53,,35,2010-11-02,NY,general,State Senate
Scattering,Yates,53,,4,2010-11-02,NY,general,State Senate
Scattering,Tompkins,53,,6,2010-11-02,NY,general,State Senate
Scattering,Total,53,,47,2010-11-02,NY,general,State Senate
Total,Chemung,53,,25047,2010-11-02,NY,general,State Senate
Total,Schuyler,53,,6040,2010-11-02,NY,general,State Senate
Total,Steuben,53,,28082,2010-11-02,NY,general,State Senate
Total,Yates,53,,7196,2010-11-02,NY,general,State Senate
Total,Tompkins,53,,16010,2010-11-02,NY,general,State Senate
Total,Total,53,,82375,2010-11-02,NY,general,State Senate
Edward J. O'Shea,Seneca,54,DEM,2142,2010-11-02,NY,general,State Senate
Edward J. O'Shea,Wayne,54,DEM,6579,2010-11-02,NY,general,State Senate
Edward J. O'Shea,Cayuga,54,DEM,3309,2010-11-02,NY,general,State Senate
Edward J. O'Shea,Monroe,54,DEM,5110,2010-11-02,NY,general,State Senate
Edward J. O'Shea,Ontario,54,DEM,5572,2010-11-02,NY,general,State Senate
Edward J. O'Shea,Tompkins,54,DEM,1675,2010-11-02,NY,general,State Senate
Edward J. O'Shea,Total,54,DEM,24387,2010-11-02,NY,general,State Senate
Michael F. Nozzolio,Seneca,54,REP,6284,2010-11-02,NY,general,State Senate
Michael F. Nozzolio,Wayne,54,REP,14860,2010-11-02,NY,general,State Senate
Michael F. Nozzolio,Cayuga,54,REP,7630,2010-11-02,NY,general,State Senate
Michael F. Nozzolio,Monroe,54,REP,7974,2010-11-02,NY,general,State Senate
Michael F. Nozzolio,Ontario,54,REP,11767,2010-11-02,NY,general,State Senate
Michael F. Nozzolio,Tompkins,54,REP,1558,2010-11-02,NY,general,State Senate
Michael F. Nozzolio,Total,54,REP,50073,2010-11-02,NY,general,State Senate
Michael F. Nozzolio,Seneca,54,IND,602,2010-11-02,NY,general,State Senate
Michael F. Nozzolio,Wayne,54,IND,1261,2010-11-02,NY,general,State Senate
Michael F. Nozzolio,Cayuga,54,IND,730,2010-11-02,NY,general,State Senate
Michael F. Nozzolio,Monroe,54,IND,723,2010-11-02,NY,general,State Senate
Michael F. Nozzolio,Ontario,54,IND,947,2010-11-02,NY,general,State Senate
Michael F. Nozzolio,Tompkins,54,IND,150,2010-11-02,NY,general,State Senate
Michael F. Nozzolio,Total,54,IND,4413,2010-11-02,NY,general,State Senate
Michael F. Nozzolio,Seneca,54,CON,606,2010-11-02,NY,general,State Senate
Michael F. Nozzolio,Wayne,54,CON,2733,2010-11-02,NY,general,State Senate
Michael F. Nozzolio,Cayuga,54,CON,964,2010-11-02,NY,general,State Senate
Michael F. Nozzolio,Monroe,54,CON,1527,2010-11-02,NY,general,State Senate
Michael F. Nozzolio,Ontario,54,CON,1493,2010-11-02,NY,general,State Senate
Michael F. Nozzolio,Tompkins,54,CON,149,2010-11-02,NY,general,State Senate
Michael F. Nozzolio,Total,54,CON,7472,2010-11-02,NY,general,State Senate
Edward J. O'Shea,Seneca,54,WOR,283,2010-11-02,NY,general,State Senate
Edward J. O'Shea,Wayne,54,WOR,784,2010-11-02,NY,general,State Senate
Edward J. O'Shea,Cayuga,54,WOR,405,2010-11-02,NY,general,State Senate
Edward J. O'Shea,Monroe,54,WOR,475,2010-11-02,NY,general,State Senate
Edward J. O'Shea,Ontario,54,WOR,518,2010-11-02,NY,general,State Senate
Edward J. O'Shea,Tompkins,54,WOR,207,2010-11-02,NY,general,State Senate
Edward J. O'Shea,Total,54,WOR,2672,2010-11-02,NY,general,State Senate
Blank,Seneca,54,,284,2010-11-02,NY,general,State Senate
Blank,Wayne,54,,0,2010-11-02,NY,general,State Senate
Blank,Cayuga,54,,536,2010-11-02,NY,general,State Senate
Blank,Monroe,54,,806,2010-11-02,NY,general,State Senate
Blank,Ontario,54,,1032,2010-11-02,NY,general,State Senate
Blank,Tompkins,54,,303,2010-11-02,NY,general,State Senate
Blank,Total,54,,2961,2010-11-02,NY,general,State Senate
Void,Seneca,54,,6,2010-11-02,NY,general,State Senate
Void,Wayne,54,,1304,2010-11-02,NY,general,State Senate
Void,Cayuga,54,,0,2010-11-02,NY,general,State Senate
Void,Monroe,54,,0,2010-11-02,NY,general,State Senate
Void,Ontario,54,,0,2010-11-02,NY,general,State Senate
Void,Tompkins,54,,0,2010-11-02,NY,general,State Senate
Void,Total,54,,1310,2010-11-02,NY,general,State Senate
Scattering,Seneca,54,,6,2010-11-02,NY,general,State Senate
Scattering,Wayne,54,,10,2010-11-02,NY,general,State Senate
Scattering,Cayuga,54,,4,2010-11-02,NY,general,State Senate
Scattering,Monroe,54,,7,2010-11-02,NY,general,State Senate
Scattering,Ontario,54,,6,2010-11-02,NY,general,State Senate
Scattering,Tompkins,54,,0,2010-11-02,NY,general,State Senate
Scattering,Total,54,,33,2010-11-02,NY,general,State Senate
Total,Seneca,54,,10213,2010-11-02,NY,general,State Senate
Total,Wayne,54,,27531,2010-11-02,NY,general,State Senate
Total,Cayuga,54,,13578,2010-11-02,NY,general,State Senate
Total,Monroe,54,,16622,2010-11-02,NY,general,State Senate
Total,Ontario,54,,21335,2010-11-02,NY,general,State Senate
Total,Tompkins,54,,4042,2010-11-02,NY,general,State Senate
Total,Total,54,,93321,2010-11-02,NY,general,State Senate
Mary Wilmot,Monroe,55,DEM,47298,2010-11-02,NY,general,State Senate
Jim Alesi,Monroe,55,REP,45141,2010-11-02,NY,general,State Senate
Jim Alesi,Monroe,55,IND,3914,2010-11-02,NY,general,State Senate
Jim Alesi,Monroe,55,CON,7970,2010-11-02,NY,general,State Senate
Mary Wilmot,Monroe,55,CTJ,2865,2010-11-02,NY,general,State Senate
Blank,Monroe,55,,4085,2010-11-02,NY,general,State Senate
Void,Monroe,55,,0,2010-11-02,NY,general,State Senate
Scattering,Monroe,55,,103,2010-11-02,NY,general,State Senate
Total,Monroe,55,,111376,2010-11-02,NY,general,State Senate
Robin Wilt,Monroe,56,DEM,26136,2010-11-02,NY,general,State Senate
Joseph E. Robach,Monroe,56,REP,35890,2010-11-02,NY,general,State Senate
Joseph E. Robach,Monroe,56,IND,4837,2010-11-02,NY,general,State Senate
Joseph E. Robach,Monroe,56,CON,5779,2010-11-02,NY,general,State Senate
Robin Wilt,Monroe,56,WOR,2542,2010-11-02,NY,general,State Senate
Blank,Monroe,56,,3732,2010-11-02,NY,general,State Senate
Void,Monroe,56,,64,2010-11-02,NY,general,State Senate
Scattering,Monroe,56,,58,2010-11-02,NY,general,State Senate
Total,Monroe,56,,79038,2010-11-02,NY,general,State Senate
Michael J. McCormick,Allegany,57,DEM,1991,2010-11-02,NY,general,State Senate
Michael J. McCormick,Cattaraugus,57,DEM,3119,2010-11-02,NY,general,State Senate
Michael J. McCormick,Chautauqua,57,DEM,6080,2010-11-02,NY,general,State Senate
Michael J. McCormick,Livingston,57,DEM,931,2010-11-02,NY,general,State Senate
Michael J. McCormick,Total,57,DEM,12121,2010-11-02,NY,general,State Senate
Catharine M. Young,Allegany,57,REP,9703,2010-11-02,NY,general,State Senate
Catharine M. Young,Cattaraugus,57,REP,15766,2010-11-02,NY,general,State Senate
Catharine M. Young,Chautauqua,57,REP,27086,2010-11-02,NY,general,State Senate
Catharine M. Young,Livingston,57,REP,3749,2010-11-02,NY,general,State Senate
Catharine M. Young,Total,57,REP,56304,2010-11-02,NY,general,State Senate
Catharine M. Young,Allegany,57,IND,584,2010-11-02,NY,general,State Senate
Catharine M. Young,Cattaraugus,57,IND,1339,2010-11-02,NY,general,State Senate
Catharine M. Young,Chautauqua,57,IND,2519,2010-11-02,NY,general,State Senate
Catharine M. Young,Livingston,57,IND,304,2010-11-02,NY,general,State Senate
Catharine M. Young,Total,57,IND,4746,2010-11-02,NY,general,State Senate
Catharine M. Young,Allegany,57,CON,847,2010-11-02,NY,general,State Senate
Catharine M. Young,Cattaraugus,57,CON,1670,2010-11-02,NY,general,State Senate
Catharine M. Young,Chautauqua,57,CON,3212,2010-11-02,NY,general,State Senate
Catharine M. Young,Livingston,57,CON,433,2010-11-02,NY,general,State Senate
Catharine M. Young,Total,57,CON,6162,2010-11-02,NY,general,State Senate
Blank,Allegany,57,,495,2010-11-02,NY,general,State Senate
Blank,Cattaraugus,57,,825,2010-11-02,NY,general,State Senate
Blank,Chautauqua,57,,1445,2010-11-02,NY,general,State Senate
Blank,Livingston,57,,223,2010-11-02,NY,general,State Senate
Blank,Total,57,,2988,2010-11-02,NY,general,State Senate
Void,Allegany,57,,10,2010-11-02,NY,general,State Senate
Void,Cattaraugus,57,,0,2010-11-02,NY,general,State Senate
Void,Chautauqua,57,,0,2010-11-02,NY,general,State Senate
Void,Livingston,57,,7,2010-11-02,NY,general,State Senate
Void,Total,57,,17,2010-11-02,NY,general,State Senate
Scattering,Allegany,57,,4,2010-11-02,NY,general,State Senate
Scattering,Cattaraugus,57,,8,2010-11-02,NY,general,State Senate
Scattering,Chautauqua,57,,16,2010-11-02,NY,general,State Senate
Scattering,Livingston,57,,1,2010-11-02,NY,general,State Senate
Scattering,Total,57,,29,2010-11-02,NY,general,State Senate
Total,Allegany,57,,13634,2010-11-02,NY,general,State Senate
Total,Cattaraugus,57,,22727,2010-11-02,NY,general,State Senate
Total,Chautauqua,57,,40358,2010-11-02,NY,general,State Senate
Total,Livingston,57,,5648,2010-11-02,NY,general,State Senate
Total,Total,57,,82367,2010-11-02,NY,general,State Senate
Timothy M. Kennedy,Erie,58,DEM,38496,2010-11-02,NY,general,State Senate
Jack Quinn,Erie,58,REP,40780,2010-11-02,NY,general,State Senate
William T. Stachowski,Erie,58,IND,4694,2010-11-02,NY,general,State Senate
Timothy M. Kennedy,Erie,58,CON,4261,2010-11-02,NY,general,State Senate
William T. Stachowski,Erie,58,WOR,1917,2010-11-02,NY,general,State Senate
Jack Quinn,Erie,58,TXP,382,2010-11-02,NY,general,State Senate
Blank,Erie,58,,4011,2010-11-02,NY,general,State Senate
Void,Erie,58,,0,2010-11-02,NY,general,State Senate
Scattering,Erie,58,,0,2010-11-02,NY,general,State Senate
Total,Erie,58,,94541,2010-11-02,NY,general,State Senate
Cynthia M. Appleton,Wyoming,59,DEM,3666,2010-11-02,NY,general,State Senate
Cynthia M. Appleton,Erie,59,DEM,14538,2010-11-02,NY,general,State Senate
Cynthia M. Appleton,Livingston,59,DEM,4296,2010-11-02,NY,general,State Senate
Cynthia M. Appleton,Ontario,59,DEM,4259,2010-11-02,NY,general,State Senate
Cynthia M. Appleton,Total,59,DEM,26759,2010-11-02,NY,general,State Senate
Patrick M. Gallivan,Wyoming,59,REP,5249,2010-11-02,NY,general,State Senate
Patrick M. Gallivan,Erie,59,REP,30447,2010-11-02,NY,general,State Senate
Patrick M. Gallivan,Livingston,59,REP,6607,2010-11-02,NY,general,State Senate
Patrick M. Gallivan,Ontario,59,REP,5764,2010-11-02,NY,general,State Senate
Patrick M. Gallivan,Total,59,REP,48067,2010-11-02,NY,general,State Senate
Patrick M. Gallivan,Wyoming,59,IND,289,2010-11-02,NY,general,State Senate
Patrick M. Gallivan,Erie,59,IND,2745,2010-11-02,NY,general,State Senate
Patrick M. Gallivan,Livingston,59,IND,438,2010-11-02,NY,general,State Senate
Patrick M. Gallivan,Ontario,59,IND,365,2010-11-02,NY,general,State Senate
Patrick M. Gallivan,Total,59,IND,3837,2010-11-02,NY,general,State Senate
Patrick M. Gallivan,Wyoming,59,CON,688,2010-11-02,NY,general,State Senate
Patrick M. Gallivan,Erie,59,CON,4543,2010-11-02,NY,general,State Senate
Patrick M. Gallivan,Livingston,59,CON,1054,2010-11-02,NY,general,State Senate
Patrick M. Gallivan,Ontario,59,CON,1019,2010-11-02,NY,general,State Senate
Patrick M. Gallivan,Total,59,CON,7304,2010-11-02,NY,general,State Senate
Cynthia M. Appleton,Wyoming,59,WOR,610,2010-11-02,NY,general,State Senate
Cynthia M. Appleton,Erie,59,WOR,2636,2010-11-02,NY,general,State Senate
Cynthia M. Appleton,Livingston,59,WOR,379,2010-11-02,NY,general,State Senate
Cynthia M. Appleton,Ontario,59,WOR,328,2010-11-02,NY,general,State Senate
Cynthia M. Appleton,Total,59,WOR,3953,2010-11-02,NY,general,State Senate
David J. DiPietro,Wyoming,59,TEA,1836,2010-11-02,NY,general,State Senate
David J. DiPietro,Erie,59,TEA,7549,2010-11-02,NY,general,State Senate
David J. DiPietro,Livingston,59,TEA,630,2010-11-02,NY,general,State Senate
David J. DiPietro,Ontario,59,TEA,835,2010-11-02,NY,general,State Senate
David J. DiPietro,Total,59,TEA,10850,2010-11-02,NY,general,State Senate
Blank,Wyoming,59,,523,2010-11-02,NY,general,State Senate
Blank,Erie,59,,3412,2010-11-02,NY,general,State Senate
Blank,Livingston,59,,834,2010-11-02,NY,general,State Senate
Blank,Ontario,59,,1067,2010-11-02,NY,general,State Senate
Blank,Total,59,,5836,2010-11-02,NY,general,State Senate
Void,Wyoming,59,,0,2010-11-02,NY,general,State Senate
Void,Erie,59,,0,2010-11-02,NY,general,State Senate
Void,Livingston,59,,9,2010-11-02,NY,general,State Senate
Void,Ontario,59,,1,2010-11-02,NY,general,State Senate
Void,Total,59,,10,2010-11-02,NY,general,State Senate
Scattering,Wyoming,59,,0,2010-11-02,NY,general,State Senate
Scattering,Erie,59,,0,2010-11-02,NY,general,State Senate
Scattering,Livingston,59,,4,2010-11-02,NY,general,State Senate
Scattering,Ontario,59,,3,2010-11-02,NY,general,State Senate
Scattering,Total,59,,7,2010-11-02,NY,general,State Senate
Total,Wyoming,59,,12861,2010-11-02,NY,general,State Senate
Total,Erie,59,,65870,2010-11-02,NY,general,State Senate
Total,Livingston,59,,14251,2010-11-02,NY,general,State Senate
Total,Ontario,59,,13641,2010-11-02,NY,general,State Senate
Total,Total,59,,106623,2010-11-02,NY,general,State Senate
Antoine M. Thompson,Erie,60,DEM,26827,2010-11-02,NY,general,State Senate
Antoine M. Thompson,Niagara,60,DEM,3861,2010-11-02,NY,general,State Senate
Antoine M. Thompson,Total,60,DEM,30688,2010-11-02,NY,general,State Senate
Mark J. Grisanti,Erie,60,REP,22398,2010-11-02,NY,general,State Senate
Mark J. Grisanti,Niagara,60,REP,6477,2010-11-02,NY,general,State Senate
Mark J. Grisanti,Total,60,REP,28875,2010-11-02,NY,general,State Senate
Mark J. Grisanti,Erie,60,CON,3475,2010-11-02,NY,general,State Senate
Mark J. Grisanti,Niagara,60,CON,893,2010-11-02,NY,general,State Senate
Mark J. Grisanti,Total,60,CON,4368,2010-11-02,NY,general,State Senate
Antoine M. Thompson,Erie,60,WOR,1823,2010-11-02,NY,general,State Senate
Antoine M. Thompson,Niagara,60,WOR,213,2010-11-02,NY,general,State Senate
Antoine M. Thompson,Total,60,WOR,2036,2010-11-02,NY,general,State Senate
Blank,Erie,60,,3564,2010-11-02,NY,general,State Senate
Blank,Niagara,60,,983,2010-11-02,NY,general,State Senate
Blank,Total,60,,4547,2010-11-02,NY,general,State Senate
Void,Erie,60,,0,2010-11-02,NY,general,State Senate
Void,Niagara,60,,0,2010-11-02,NY,general,State Senate
Void,Total,60,,0,2010-11-02,NY,general,State Senate
Scattering,Erie,60,,0,2010-11-02,NY,general,State Senate
Scattering,Niagara,60,,8,2010-11-02,NY,general,State Senate
Scattering,Total,60,,8,2010-11-02,NY,general,State Senate
Total,Erie,60,,58087,2010-11-02,NY,general,State Senate
Total,Niagara,60,,12435,2010-11-02,NY,general,State Senate
Total,Total,60,,70522,2010-11-02,NY,general,State Senate
Marc A. Coppola,Genesee,61,DEM,4395,2010-11-02,NY,general,State Senate
Marc A. Coppola,Erie,61,DEM,33069,2010-11-02,NY,general,State Senate
Marc A. Coppola,Total,61,DEM,37464,2010-11-02,NY,general,State Senate
Michael H. Ranzenhofer,Genesee,61,REP,9883,2010-11-02,NY,general,State Senate
Michael H. Ranzenhofer,Erie,61,REP,41880,2010-11-02,NY,general,State Senate
Michael H. Ranzenhofer,Total,61,REP,51763,2010-11-02,NY,general,State Senate
Michael H. Ranzenhofer,Genesee,61,IND,797,2010-11-02,NY,general,State Senate
Michael H. Ranzenhofer,Erie,61,IND,3347,2010-11-02,NY,general,State Senate
Michael H. Ranzenhofer,Total,61,IND,4144,2010-11-02,NY,general,State Senate
Michael H. Ranzenhofer,Genesee,61,CON,1703,2010-11-02,NY,general,State Senate
Michael H. Ranzenhofer,Erie,61,CON,5857,2010-11-02,NY,general,State Senate
Michael H. Ranzenhofer,Total,61,CON,7560,2010-11-02,NY,general,State Senate
Blank,Genesee,61,,1445,2010-11-02,NY,general,State Senate
Blank,Erie,61,,5111,2010-11-02,NY,general,State Senate
Blank,Total,61,,6556,2010-11-02,NY,general,State Senate
Void,Genesee,61,,5,2010-11-02,NY,general,State Senate
Void,Erie,61,,0,2010-11-02,NY,general,State Senate
Void,Total,61,,5,2010-11-02,NY,general,State Senate
Scattering,Genesee,61,,3,2010-11-02,NY,general,State Senate
Scattering,Erie,61,,0,2010-11-02,NY,general,State Senate
Scattering,Total,61,,3,2010-11-02,NY,general,State Senate
Total,Genesee,61,,18231,2010-11-02,NY,general,State Senate
Total,Erie,61,,89264,2010-11-02,NY,general,State Senate
Total,Total,61,,107495,2010-11-02,NY,general,State Senate
Amy Hope Witryol,Orleans,62,DEM,2795,2010-11-02,NY,general,State Senate
Amy Hope Witryol,Monroe,62,DEM,9086,2010-11-02,NY,general,State Senate
Amy Hope Witryol,Niagara,62,DEM,16505,2010-11-02,NY,general,State Senate
Amy Hope Witryol,Total,62,DEM,28386,2010-11-02,NY,general,State Senate
George D. Maziarz,Orleans,62,REP,6715,2010-11-02,NY,general,State Senate
George D. Maziarz,Monroe,62,REP,11470,2010-11-02,NY,general,State Senate
George D. Maziarz,Niagara,62,REP,28755,2010-11-02,NY,general,State Senate
George D. Maziarz,Total,62,REP,46940,2010-11-02,NY,general,State Senate
George D. Maziarz,Orleans,62,IND,382,2010-11-02,NY,general,State Senate
George D. Maziarz,Monroe,62,IND,1002,2010-11-02,NY,general,State Senate
George D. Maziarz,Niagara,62,IND,2017,2010-11-02,NY,general,State Senate
George D. Maziarz,Total,62,IND,3401,2010-11-02,NY,general,State Senate
George D. Maziarz,Orleans,62,CON,822,2010-11-02,NY,general,State Senate
George D. Maziarz,Monroe,62,CON,2410,2010-11-02,NY,general,State Senate
George D. Maziarz,Niagara,62,CON,3658,2010-11-02,NY,general,State Senate
George D. Maziarz,Total,62,CON,6890,2010-11-02,NY,general,State Senate
George D. Maziarz,Orleans,62,WOR,150,2010-11-02,NY,general,State Senate
George D. Maziarz,Monroe,62,WOR,465,2010-11-02,NY,general,State Senate
George D. Maziarz,Niagara,62,WOR,1251,2010-11-02,NY,general,State Senate
George D. Maziarz,Total,62,WOR,1866,2010-11-02,NY,general,State Senate
Blank,Orleans,62,,589,2010-11-02,NY,general,State Senate
Blank,Monroe,62,,1795,2010-11-02,NY,general,State Senate
Blank,Niagara,62,,2357,2010-11-02,NY,general,State Senate
Blank,Total,62,,4741,2010-11-02,NY,general,State Senate
Void,Orleans,62,,13,2010-11-02,NY,general,State Senate
Void,Monroe,62,,0,2010-11-02,NY,general,State Senate
Void,Niagara,62,,0,2010-11-02,NY,general,State Senate
Void,Total,62,,13,2010-11-02,NY,general,State Senate
Scattering,Orleans,62,,1,2010-11-02,NY,general,State Senate
Scattering,Monroe,62,,9,2010-11-02,NY,general,State Senate
Scattering,Niagara,62,,14,2010-11-02,NY,general,State Senate
Scattering,Total,62,,24,2010-11-02,NY,general,State Senate
Total,Orleans,62,,11467,2010-11-02,NY,general,State Senate
Total,Monroe,62,,26237,2010-11-02,NY,general,State Senate
Total,Niagara,62,,54557,2010-11-02,NY,general,State Senate
Total,Total,62,,92261,2010-11-02,NY,general,State Senate
