candidate,county,district,election_date,office,party,scope,state,votes
Timothy H. Bishop,Suffolk,1,2012-11-06,U.S. House,DEM,general,NY,135118
Randy Altschuler,Suffolk,1,2012-11-06,U.S. House,REP,general,NY,107226
Randy Altschuler,Suffolk,1,2012-11-06,U.S. House,CON,general,NY,20125
Timothy H. Bishop,Suffolk,1,2012-11-06,U.S. House,WOR,general,NY,11061
Randy Altschuler,Suffolk,1,2012-11-06,U.S. House,IND,general,NY,4953
Blank,Suffolk,1,2012-11-06,U.S. House,,general,NY,19719
Void,Suffolk,1,2012-11-06,U.S. House,,general,NY,155
Scattering,Suffolk,1,2012-11-06,U.S. House,,general,NY,176
Total,Suffolk,1,2012-11-06,U.S. House,,general,NY,298533
Vivianne C. Falcone,Nassau,2,2012-11-06,U.S. House,DEM,general,NY,20213
Vivianne C. Falcone,Suffolk,2,2012-11-06,U.S. House,DEM,general,NY,73719
Vivianne C. Falcone,Total,2,2012-11-06,U.S. House,DEM,general,NY,93932
Peter T. King,Nassau,2,2012-11-06,U.S. House,REP/TRP,general,NY,45814
Peter T. King,Suffolk,2,2012-11-06,U.S. House,REP/TRP,general,NY,70549
Peter T. King,Total,2,2012-11-06,U.S. House,REP/TRP,general,NY,116363
Peter T. King,Nassau,2,2012-11-06,U.S. House,CON,general,NY,6190
Peter T. King,Suffolk,2,2012-11-06,U.S. House,CON,general,NY,13325
Peter T. King,Total,2,2012-11-06,U.S. House,CON,general,NY,19515
Vivianne C. Falcone,Nassau,2,2012-11-06,U.S. House,WOR,general,NY,1623
Vivianne C. Falcone,Suffolk,2,2012-11-06,U.S. House,WOR,general,NY,4990
Vivianne C. Falcone,Total,2,2012-11-06,U.S. House,WOR,general,NY,6613
Peter T. King,Nassau,2,2012-11-06,U.S. House,IND,general,NY,1922
Peter T. King,Suffolk,2,2012-11-06,U.S. House,IND,general,NY,4509
Peter T. King,Total,2,2012-11-06,U.S. House,IND,general,NY,6431
Blank,Nassau,2,2012-11-06,U.S. House,,general,NY,7779
Blank,Suffolk,2,2012-11-06,U.S. House,,general,NY,23866
Blank,Total,2,2012-11-06,U.S. House,,general,NY,31645
Void,Nassau,2,2012-11-06,U.S. House,,general,NY,128
Void,Suffolk,2,2012-11-06,U.S. House,,general,NY,103
Void,Total,2,2012-11-06,U.S. House,,general,NY,231
Scattering,Nassau,2,2012-11-06,U.S. House,,general,NY,19
Scattering,Suffolk,2,2012-11-06,U.S. House,,general,NY,70
Scattering,Total,2,2012-11-06,U.S. House,,general,NY,89
Total,Nassau,2,2012-11-06,U.S. House,,general,NY,83688
Total,Suffolk,2,2012-11-06,U.S. House,,general,NY,191131
Total,Total,2,2012-11-06,U.S. House,,general,NY,274819
Steve J. Israel,Nassau,3,2012-11-06,U.S. House,DEM,general,NY,71663
Steve J. Israel,Queens,3,2012-11-06,U.S. House,DEM,general,NY,23321
Steve J. Israel,Suffolk,3,2012-11-06,U.S. House,DEM,general,NY,51287
Steve J. Israel,Total,3,2012-11-06,U.S. House,DEM,general,NY,146271
Stephen A. Labate,Nassau,3,2012-11-06,U.S. House,REP/TRP,general,NY,51860
Stephen A. Labate,Queens,3,2012-11-06,U.S. House,REP/TRP,general,NY,10939
Stephen A. Labate,Suffolk,3,2012-11-06,U.S. House,REP/TRP,general,NY,35815
Stephen A. Labate,Total,3,2012-11-06,U.S. House,REP/TRP,general,NY,98614
Stephen A. Labate,Nassau,3,2012-11-06,U.S. House,CON,general,NY,6501
Stephen A. Labate,Queens,3,2012-11-06,U.S. House,CON,general,NY,1273
Stephen A. Labate,Suffolk,3,2012-11-06,U.S. House,CON,general,NY,6815
Stephen A. Labate,Total,3,2012-11-06,U.S. House,CON,general,NY,14589
Steve J. Israel,Nassau,3,2012-11-06,U.S. House,WOR,general,NY,3152
Steve J. Israel,Queens,3,2012-11-06,U.S. House,WOR,general,NY,690
Steve J. Israel,Suffolk,3,2012-11-06,U.S. House,WOR,general,NY,2664
Steve J. Israel,Total,3,2012-11-06,U.S. House,WOR,general,NY,6506
Steve J. Israel,Nassau,3,2012-11-06,U.S. House,IND,general,NY,2102
Steve J. Israel,Queens,3,2012-11-06,U.S. House,IND,general,NY,439
Steve J. Israel,Suffolk,3,2012-11-06,U.S. House,IND,general,NY,2562
Steve J. Israel,Total,3,2012-11-06,U.S. House,IND,general,NY,5103
Michael McDermott,Nassau,3,2012-11-06,U.S. House,LBT,general,NY,657
Michael McDermott,Queens,3,2012-11-06,U.S. House,LBT,general,NY,483
Michael McDermott,Suffolk,3,2012-11-06,U.S. House,LBT,general,NY,504
Michael McDermott,Total,3,2012-11-06,U.S. House,LBT,general,NY,1644
Anthony Tolda,Nassau,3,2012-11-06,U.S. House,CST,general,NY,121
Anthony Tolda,Queens,3,2012-11-06,U.S. House,CST,general,NY,134
Anthony Tolda,Suffolk,3,2012-11-06,U.S. House,CST,general,NY,112
Anthony Tolda,Total,3,2012-11-06,U.S. House,CST,general,NY,367
Blank,Nassau,3,2012-11-06,U.S. House,,general,NY,20256
Blank,Queens,3,2012-11-06,U.S. House,,general,NY,5342
Blank,Suffolk,3,2012-11-06,U.S. House,,general,NY,9109
Blank,Total,3,2012-11-06,U.S. House,,general,NY,34707
Void,Nassau,3,2012-11-06,U.S. House,,general,NY,204
Void,Queens,3,2012-11-06,U.S. House,,general,NY,0
Void,Suffolk,3,2012-11-06,U.S. House,,general,NY,117
Void,Total,3,2012-11-06,U.S. House,,general,NY,321
Scattering,Nassau,3,2012-11-06,U.S. House,,general,NY,31
Scattering,Queens,3,2012-11-06,U.S. House,,general,NY,23
Scattering,Suffolk,3,2012-11-06,U.S. House,,general,NY,23
Scattering,Total,3,2012-11-06,U.S. House,,general,NY,77
Total,Nassau,3,2012-11-06,U.S. House,,general,NY,156547
Total,Queens,3,2012-11-06,U.S. House,,general,NY,42644
Total,Suffolk,3,2012-11-06,U.S. House,,general,NY,109008
Total,Total,3,2012-11-06,U.S. House,,general,NY,308199
Carolyn McCarthy,Nassau,4,2012-11-06,U.S. House,DEM,general,NY,152590
"Francis X. Becker, Jr.",Nassau,4,2012-11-06,U.S. House,REP,general,NY,84982
Frank J. Scaturro,Nassau,4,2012-11-06,U.S. House,CON,general,NY,15603
Carolyn McCarthy,Nassau,4,2012-11-06,U.S. House,WOR,general,NY,7472
Carolyn McCarthy,Nassau,4,2012-11-06,U.S. House,IND,general,NY,3893
"Francis X. Becker, Jr.",Nassau,4,2012-11-06,U.S. House,TRP,general,NY,711
Blank,Nassau,4,2012-11-06,U.S. House,,general,NY,33498
Void,Nassau,4,2012-11-06,U.S. House,,general,NY,686
Scattering,Nassau,4,2012-11-06,U.S. House,,general,NY,49
Total,Nassau,4,2012-11-06,U.S. House,,general,NY,299484
Gregory W. Meeks,Nassau,5,2012-11-06,U.S. House,DEM,general,NY,20708
Gregory W. Meeks,Queens,5,2012-11-06,U.S. House,DEM,general,NY,147128
Gregory W. Meeks,Total,5,2012-11-06,U.S. House,DEM,general,NY,167836
"Allan W. Jennings, Jr.",Nassau,5,2012-11-06,U.S. House,REP,general,NY,5686
"Allan W. Jennings, Jr.",Queens,5,2012-11-06,U.S. House,REP,general,NY,12189
"Allan W. Jennings, Jr.",Total,5,2012-11-06,U.S. House,REP,general,NY,17875
Catherine Wark,Nassau,5,2012-11-06,U.S. House,LBT,general,NY,164
Catherine Wark,Queens,5,2012-11-06,U.S. House,LBT,general,NY,1181
Catherine Wark,Total,5,2012-11-06,U.S. House,LBT,general,NY,1345
Blank,Nassau,5,2012-11-06,U.S. House,,general,NY,4487
Blank,Queens,5,2012-11-06,U.S. House,,general,NY,32979
Blank,Total,5,2012-11-06,U.S. House,,general,NY,37466
Void,Nassau,5,2012-11-06,U.S. House,,general,NY,19
Void,Queens,5,2012-11-06,U.S. House,,general,NY,0
Void,Total,5,2012-11-06,U.S. House,,general,NY,19
Scattering,Nassau,5,2012-11-06,U.S. House,,general,NY,10
Scattering,Queens,5,2012-11-06,U.S. House,,general,NY,75
Scattering,Total,5,2012-11-06,U.S. House,,general,NY,85
Total,Nassau,5,2012-11-06,U.S. House,,general,NY,31074
Total,Queens,5,2012-11-06,U.S. House,,general,NY,193552
Total,Total,5,2012-11-06,U.S. House,,general,NY,224626
Grace Meng,Queens,6,2012-11-06,U.S. House,DEM,general,NY,107507
Daniel J. Halloran,Queens,6,2012-11-06,U.S. House,REP,general,NY,45993
Daniel J. Halloran,Queens,6,2012-11-06,U.S. House,CON/LBT,general,NY,4853
Grace Meng,Queens,6,2012-11-06,U.S. House,WOR,general,NY,3994
Evergreen C. Chou,Queens,6,2012-11-06,U.S. House,GRN,general,NY,1913
Blank,Queens,6,2012-11-06,U.S. House,,general,NY,22579
Void,Queens,6,2012-11-06,U.S. House,,general,NY,0
Scattering,Queens,6,2012-11-06,U.S. House,,general,NY,114
Total,Queens,6,2012-11-06,U.S. House,,general,NY,186953
Nydia M. Velazquez,Kings,7,2012-11-06,U.S. House,DEM,general,NY,101045
Nydia M. Velazquez,New York,7,2012-11-06,U.S. House,DEM,general,NY,17418
Nydia M. Velazquez,Queens,7,2012-11-06,U.S. House,DEM,general,NY,16339
Nydia M. Velazquez,Total,7,2012-11-06,U.S. House,DEM,general,NY,134802
James Murray,Kings,7,2012-11-06,U.S. House,CON,general,NY,5283
James Murray,New York,7,2012-11-06,U.S. House,CON,general,NY,1074
James Murray,Queens,7,2012-11-06,U.S. House,CON,general,NY,1614
James Murray,Total,7,2012-11-06,U.S. House,CON,general,NY,7971
Nydia M. Velazquez,Kings,7,2012-11-06,U.S. House,WOR,general,NY,7551
Nydia M. Velazquez,New York,7,2012-11-06,U.S. House,WOR,general,NY,769
Nydia M. Velazquez,Queens,7,2012-11-06,U.S. House,WOR,general,NY,808
Nydia M. Velazquez,Total,7,2012-11-06,U.S. House,WOR,general,NY,9128
Blank,Kings,7,2012-11-06,U.S. House,,general,NY,18785
Blank,New York,7,2012-11-06,U.S. House,,general,NY,6633
Blank,Queens,7,2012-11-06,U.S. House,,general,NY,4437
Blank,Total,7,2012-11-06,U.S. House,,general,NY,29855
Void,Kings,7,2012-11-06,U.S. House,,general,NY,0
Void,New York,7,2012-11-06,U.S. House,,general,NY,0
Void,Queens,7,2012-11-06,U.S. House,,general,NY,0
Void,Total,7,2012-11-06,U.S. House,,general,NY,0
Scattering,Kings,7,2012-11-06,U.S. House,,general,NY,170
Scattering,New York,7,2012-11-06,U.S. House,,general,NY,21
Scattering,Queens,7,2012-11-06,U.S. House,,general,NY,19
Scattering,Total,7,2012-11-06,U.S. House,,general,NY,210
Total,Kings,7,2012-11-06,U.S. House,,general,NY,132834
Total,New York,7,2012-11-06,U.S. House,,general,NY,25915
Total,Queens,7,2012-11-06,U.S. House,,general,NY,23217
Total,Total,7,2012-11-06,U.S. House,,general,NY,181966
Hakeem S. Jeffries,Kings,8,2012-11-06,U.S. House,DEM,general,NY,173371
Hakeem S. Jeffries,Queens,8,2012-11-06,U.S. House,DEM,general,NY,5317
Hakeem S. Jeffries,Total,8,2012-11-06,U.S. House,DEM,general,NY,178688
Alan S. Bellone,Kings,8,2012-11-06,U.S. House,REP,general,NY,12616
Alan S. Bellone,Queens,8,2012-11-06,U.S. House,REP,general,NY,3225
Alan S. Bellone,Total,8,2012-11-06,U.S. House,REP,general,NY,15841
Alan S. Bellone,Kings,8,2012-11-06,U.S. House,CON,general,NY,1444
Alan S. Bellone,Queens,8,2012-11-06,U.S. House,CON,general,NY,365
Alan S. Bellone,Total,8,2012-11-06,U.S. House,CON,general,NY,1809
Hakeem S. Jeffries,Kings,8,2012-11-06,U.S. House,WOR,general,NY,5145
Hakeem S. Jeffries,Queens,8,2012-11-06,U.S. House,WOR,general,NY,206
Hakeem S. Jeffries,Total,8,2012-11-06,U.S. House,WOR,general,NY,5351
Colin M. Beavan,Kings,8,2012-11-06,U.S. House,GRN,general,NY,2342
Colin M. Beavan,Queens,8,2012-11-06,U.S. House,GRN,general,NY,99
Colin M. Beavan,Total,8,2012-11-06,U.S. House,GRN,general,NY,2441
Blank,Kings,8,2012-11-06,U.S. House,,general,NY,29023
Blank,Queens,8,2012-11-06,U.S. House,,general,NY,3069
Blank,Total,8,2012-11-06,U.S. House,,general,NY,32092
Void,Kings,8,2012-11-06,U.S. House,,general,NY,0
Void,Queens,8,2012-11-06,U.S. House,,general,NY,0
Void,Total,8,2012-11-06,U.S. House,,general,NY,0
Scattering,Kings,8,2012-11-06,U.S. House,,general,NY,68
Scattering,Queens,8,2012-11-06,U.S. House,,general,NY,9
Scattering,Total,8,2012-11-06,U.S. House,,general,NY,77
Total,Kings,8,2012-11-06,U.S. House,,general,NY,224009
Total,Queens,8,2012-11-06,U.S. House,,general,NY,12290
Total,Total,8,2012-11-06,U.S. House,,general,NY,236299
Yvette D. Clarke,Kings,9,2012-11-06,U.S. House,DEM,general,NY,178168
Daniel J. Cavanagh,Kings,9,2012-11-06,U.S. House,REP,general,NY,20899
Daniel J. Cavanagh,Kings,9,2012-11-06,U.S. House,CON,general,NY,3265
Yvette D. Clarke,Kings,9,2012-11-06,U.S. House,WOR,general,NY,7973
Vivia M. Morgan,Kings,9,2012-11-06,U.S. House,GRN,general,NY,2991
Blank,Kings,9,2012-11-06,U.S. House,,general,NY,25531
Void,Kings,9,2012-11-06,U.S. House,,general,NY,0
Scattering,Kings,9,2012-11-06,U.S. House,,general,NY,135
Total,Kings,9,2012-11-06,U.S. House,,general,NY,238962
Jerrold L. Nadler,Kings,10,2012-11-06,U.S. House,DEM,general,NY,28675
Jerrold L. Nadler,New York,10,2012-11-06,U.S. House,DEM,general,NY,127944
Jerrold L. Nadler,Total,10,2012-11-06,U.S. House,DEM,general,NY,156619
Michael W. Chan,Kings,10,2012-11-06,U.S. House,REP,general,NY,13471
Michael W. Chan,New York,10,2012-11-06,U.S. House,REP,general,NY,22067
Michael W. Chan,Total,10,2012-11-06,U.S. House,REP,general,NY,35538
Michael W. Chan,Kings,10,2012-11-06,U.S. House,CON,general,NY,2486
Michael W. Chan,New York,10,2012-11-06,U.S. House,CON,general,NY,1389
Michael W. Chan,Total,10,2012-11-06,U.S. House,CON,general,NY,3875
Jerrold L. Nadler,Kings,10,2012-11-06,U.S. House,WOR,general,NY,2125
Jerrold L. Nadler,New York,10,2012-11-06,U.S. House,WOR,general,NY,6999
Jerrold L. Nadler,Total,10,2012-11-06,U.S. House,WOR,general,NY,9124
Blank,Kings,10,2012-11-06,U.S. House,,general,NY,11519
Blank,New York,10,2012-11-06,U.S. House,,general,NY,20607
Blank,Total,10,2012-11-06,U.S. House,,general,NY,32126
Void,Kings,10,2012-11-06,U.S. House,,general,NY,0
Void,New York,10,2012-11-06,U.S. House,,general,NY,0
Void,Total,10,2012-11-06,U.S. House,,general,NY,0
Scattering,Kings,10,2012-11-06,U.S. House,,general,NY,52
Scattering,New York,10,2012-11-06,U.S. House,,general,NY,141
Scattering,Total,10,2012-11-06,U.S. House,,general,NY,193
Total,Kings,10,2012-11-06,U.S. House,,general,NY,58328
Total,New York,10,2012-11-06,U.S. House,,general,NY,179147
Total,Total,10,2012-11-06,U.S. House,,general,NY,237475
Mark S. Murphy,Richmond,11,2012-11-06,U.S. House,DEM,general,NY,62446
Mark S. Murphy,Kings,11,2012-11-06,U.S. House,DEM,general,NY,25274
Mark S. Murphy,Total,11,2012-11-06,U.S. House,DEM,general,NY,87720
Michael G. Grimm,Richmond,11,2012-11-06,U.S. House,REP,general,NY,70155
Michael G. Grimm,Kings,11,2012-11-06,U.S. House,REP,general,NY,20875
Michael G. Grimm,Total,11,2012-11-06,U.S. House,REP,general,NY,91030
Michael G. Grimm,Richmond,11,2012-11-06,U.S. House,CON,general,NY,9261
Michael G. Grimm,Kings,11,2012-11-06,U.S. House,CON,general,NY,2827
Michael G. Grimm,Total,11,2012-11-06,U.S. House,CON,general,NY,12088
Mark S. Murphy,Richmond,11,2012-11-06,U.S. House,WOR,general,NY,3400
Mark S. Murphy,Kings,11,2012-11-06,U.S. House,WOR,general,NY,1310
Mark S. Murphy,Total,11,2012-11-06,U.S. House,WOR,general,NY,4710
Henry J. Bardel,Richmond,11,2012-11-06,U.S. House,GRN,general,NY,1238
Henry J. Bardel,Kings,11,2012-11-06,U.S. House,GRN,general,NY,701
Henry J. Bardel,Total,11,2012-11-06,U.S. House,GRN,general,NY,1939
Blank,Richmond,11,2012-11-06,U.S. House,,general,NY,8393
Blank,Kings,11,2012-11-06,U.S. House,,general,NY,8740
Blank,Total,11,2012-11-06,U.S. House,,general,NY,17133
Void,Richmond,11,2012-11-06,U.S. House,,general,NY,0
Void,Kings,11,2012-11-06,U.S. House,,general,NY,0
Void,Total,11,2012-11-06,U.S. House,,general,NY,0
Scattering,Richmond,11,2012-11-06,U.S. House,,general,NY,102
Scattering,Kings,11,2012-11-06,U.S. House,,general,NY,46
Scattering,Total,11,2012-11-06,U.S. House,,general,NY,148
Total,Richmond,11,2012-11-06,U.S. House,,general,NY,154995
Total,Kings,11,2012-11-06,U.S. House,,general,NY,59773
Total,Total,11,2012-11-06,U.S. House,,general,NY,214768
Carolyn B. Maloney,Kings,12,2012-11-06,U.S. House,DEM,general,NY,17597
Carolyn B. Maloney,New York,12,2012-11-06,U.S. House,DEM,general,NY,142067
Carolyn B. Maloney,Queens,12,2012-11-06,U.S. House,DEM,general,NY,26093
Carolyn B. Maloney,Total,12,2012-11-06,U.S. House,DEM,general,NY,185757
Christopher R. Wight,Kings,12,2012-11-06,U.S. House,REP,general,NY,1794
Christopher R. Wight,New York,12,2012-11-06,U.S. House,REP,general,NY,37140
Christopher R. Wight,Queens,12,2012-11-06,U.S. House,REP,general,NY,3176
Christopher R. Wight,Total,12,2012-11-06,U.S. House,REP,general,NY,42110
Christopher R. Wight,Kings,12,2012-11-06,U.S. House,CON,general,NY,233
Christopher R. Wight,New York,12,2012-11-06,U.S. House,CON,general,NY,1746
Christopher R. Wight,Queens,12,2012-11-06,U.S. House,CON,general,NY,278
Christopher R. Wight,Total,12,2012-11-06,U.S. House,CON,general,NY,2257
Carolyn B. Maloney,Kings,12,2012-11-06,U.S. House,WOR,general,NY,1826
Carolyn B. Maloney,New York,12,2012-11-06,U.S. House,WOR,general,NY,5559
Carolyn B. Maloney,Queens,12,2012-11-06,U.S. House,WOR,general,NY,1228
Carolyn B. Maloney,Total,12,2012-11-06,U.S. House,WOR,general,NY,8613
Christopher R. Wight,Kings,12,2012-11-06,U.S. House,IND,general,NY,238
Christopher R. Wight,New York,12,2012-11-06,U.S. House,IND,general,NY,1959
Christopher R. Wight,Queens,12,2012-11-06,U.S. House,IND,general,NY,277
Christopher R. Wight,Total,12,2012-11-06,U.S. House,IND,general,NY,2474
Blank,Kings,12,2012-11-06,U.S. House,,general,NY,2483
Blank,New York,12,2012-11-06,U.S. House,,general,NY,21963
Blank,Queens,12,2012-11-06,U.S. House,,general,NY,3837
Blank,Total,12,2012-11-06,U.S. House,,general,NY,28283
Void,Kings,12,2012-11-06,U.S. House,,general,NY,0
Void,New York,12,2012-11-06,U.S. House,,general,NY,0
Void,Queens,12,2012-11-06,U.S. House,,general,NY,0
Void,Total,12,2012-11-06,U.S. House,,general,NY,0
Scattering,Kings,12,2012-11-06,U.S. House,,general,NY,24
Scattering,New York,12,2012-11-06,U.S. House,,general,NY,161
Scattering,Queens,12,2012-11-06,U.S. House,,general,NY,30
Scattering,Total,12,2012-11-06,U.S. House,,general,NY,215
Total,Kings,12,2012-11-06,U.S. House,,general,NY,24195
Total,New York,12,2012-11-06,U.S. House,,general,NY,210595
Total,Queens,12,2012-11-06,U.S. House,,general,NY,34919
Total,Total,12,2012-11-06,U.S. House,,general,NY,269709
Charles B. Rangel,Bronx,13,2012-11-06,U.S. House,DEM,general,NY,34761
Charles B. Rangel,New York,13,2012-11-06,U.S. House,DEM,general,NY,135929
Charles B. Rangel,Total,13,2012-11-06,U.S. House,DEM,general,NY,170690
Craig Schley,Bronx,13,2012-11-06,U.S. House,REP,general,NY,2945
Craig Schley,New York,13,2012-11-06,U.S. House,REP,general,NY,9202
Craig Schley,Total,13,2012-11-06,U.S. House,REP,general,NY,12147
Charles B. Rangel,Bronx,13,2012-11-06,U.S. House,WOR,general,NY,734
Charles B. Rangel,New York,13,2012-11-06,U.S. House,WOR,general,NY,3592
Charles B. Rangel,Total,13,2012-11-06,U.S. House,WOR,general,NY,4326
Deborah O. Liatos,Bronx,13,2012-11-06,U.S. House,SOC,general,NY,612
Deborah O. Liatos,New York,13,2012-11-06,U.S. House,SOC,general,NY,4936
Deborah O. Liatos,Total,13,2012-11-06,U.S. House,SOC,general,NY,5548
Blank,Bronx,13,2012-11-06,U.S. House,,general,NY,6236
Blank,New York,13,2012-11-06,U.S. House,,general,NY,34393
Blank,Total,13,2012-11-06,U.S. House,,general,NY,40629
Void,Bronx,13,2012-11-06,U.S. House,,general,NY,0
Void,New York,13,2012-11-06,U.S. House,,general,NY,0
Void,Total,13,2012-11-06,U.S. House,,general,NY,0
Scattering,Bronx,13,2012-11-06,U.S. House,,general,NY,23
Scattering,New York,13,2012-11-06,U.S. House,,general,NY,179
Scattering,Total,13,2012-11-06,U.S. House,,general,NY,202
Total,Bronx,13,2012-11-06,U.S. House,,general,NY,45311
Total,New York,13,2012-11-06,U.S. House,,general,NY,188231
Total,Total,13,2012-11-06,U.S. House,,general,NY,233542
Joseph Crowley,Bronx,14,2012-11-06,U.S. House,DEM,general,NY,43318
Joseph Crowley,Queens,14,2012-11-06,U.S. House,DEM,general,NY,72799
Joseph Crowley,Total,14,2012-11-06,U.S. House,DEM,general,NY,116117
"William F. Gibbons, Jr.",Bronx,14,2012-11-06,U.S. House,REP,general,NY,7809
"William F. Gibbons, Jr.",Queens,14,2012-11-06,U.S. House,REP,general,NY,11382
"William F. Gibbons, Jr.",Total,14,2012-11-06,U.S. House,REP,general,NY,19191
"William F. Gibbons, Jr.",Bronx,14,2012-11-06,U.S. House,CON,general,NY,1431
"William F. Gibbons, Jr.",Queens,14,2012-11-06,U.S. House,CON,general,NY,1133
"William F. Gibbons, Jr.",Total,14,2012-11-06,U.S. House,CON,general,NY,2564
Joseph Crowley,Bronx,14,2012-11-06,U.S. House,WOR,general,NY,1763
Joseph Crowley,Queens,14,2012-11-06,U.S. House,WOR,general,NY,2881
Joseph Crowley,Total,14,2012-11-06,U.S. House,WOR,general,NY,4644
Anthony Gronowicz,Bronx,14,2012-11-06,U.S. House,GRN,general,NY,626
Anthony Gronowicz,Queens,14,2012-11-06,U.S. House,GRN,general,NY,1944
Anthony Gronowicz,Total,14,2012-11-06,U.S. House,GRN,general,NY,2570
Blank,Bronx,14,2012-11-06,U.S. House,,general,NY,9610
Blank,Queens,14,2012-11-06,U.S. House,,general,NY,16201
Blank,Total,14,2012-11-06,U.S. House,,general,NY,25811
Void,Bronx,14,2012-11-06,U.S. House,,general,NY,0
Void,Queens,14,2012-11-06,U.S. House,,general,NY,0
Void,Total,14,2012-11-06,U.S. House,,general,NY,0
Scattering,Bronx,14,2012-11-06,U.S. House,,general,NY,12
Scattering,Queens,14,2012-11-06,U.S. House,,general,NY,92
Scattering,Total,14,2012-11-06,U.S. House,,general,NY,104
Total,Bronx,14,2012-11-06,U.S. House,,general,NY,64569
Total,Queens,14,2012-11-06,U.S. House,,general,NY,106432
Total,Total,14,2012-11-06,U.S. House,,general,NY,171001
Jose E. Serrano,Bronx,15,2012-11-06,U.S. House,DEM,general,NY,150243
Frank L. Della Valle,Bronx,15,2012-11-06,U.S. House,REP,general,NY,3487
Frank L. Della Valle,Bronx,15,2012-11-06,U.S. House,CON,general,NY,940
Jose E. Serrano,Bronx,15,2012-11-06,U.S. House,WOR,general,NY,2418
Blank,Bronx,15,2012-11-06,U.S. House,,general,NY,21546
Void,Bronx,15,2012-11-06,U.S. House,,general,NY,0
Scattering,Bronx,15,2012-11-06,U.S. House,,general,NY,27
Total,Bronx,15,2012-11-06,U.S. House,,general,NY,178661
Eliot L. Engel,Bronx,16,2012-11-06,U.S. House,DEM,general,NY,68818
Eliot L. Engel,Westchester,16,2012-11-06,U.S. House,DEM,general,NY,105068
Eliot L. Engel,Total,16,2012-11-06,U.S. House,DEM,general,NY,173886
Joseph McLaughlin,Bronx,16,2012-11-06,U.S. House,REP,general,NY,5459
Joseph McLaughlin,Westchester,16,2012-11-06,U.S. House,REP,general,NY,48476
Joseph McLaughlin,Total,16,2012-11-06,U.S. House,REP,general,NY,53935
Eliot L. Engel,Bronx,16,2012-11-06,U.S. House,WOR,general,NY,1506
Eliot L. Engel,Westchester,16,2012-11-06,U.S. House,WOR,general,NY,4170
Eliot L. Engel,Total,16,2012-11-06,U.S. House,WOR,general,NY,5676
Joseph Diaferia,Bronx,16,2012-11-06,U.S. House,GRN,general,NY,724
Joseph Diaferia,Westchester,16,2012-11-06,U.S. House,GRN,general,NY,2250
Joseph Diaferia,Total,16,2012-11-06,U.S. House,GRN,general,NY,2974
Blank,Bronx,16,2012-11-06,U.S. House,,general,NY,8698
Blank,Westchester,16,2012-11-06,U.S. House,,general,NY,25089
Blank,Total,16,2012-11-06,U.S. House,,general,NY,33787
Void,Bronx,16,2012-11-06,U.S. House,,general,NY,0
Void,Westchester,16,2012-11-06,U.S. House,,general,NY,0
Void,Total,16,2012-11-06,U.S. House,,general,NY,0
Scattering,Bronx,16,2012-11-06,U.S. House,,general,NY,24
Scattering,Westchester,16,2012-11-06,U.S. House,,general,NY,58
Scattering,Total,16,2012-11-06,U.S. House,,general,NY,82
Total,Bronx,16,2012-11-06,U.S. House,,general,NY,85229
Total,Westchester,16,2012-11-06,U.S. House,,general,NY,185111
Total,Total,16,2012-11-06,U.S. House,,general,NY,270340
Nita M. Lowey,Rockland,17,2012-11-06,U.S. House,DEM,general,NY,64637
Nita M. Lowey,Westchester,17,2012-11-06,U.S. House,DEM,general,NY,96987
Nita M. Lowey,Total,17,2012-11-06,U.S. House,DEM,general,NY,161624
Joe Carvin,Rockland,17,2012-11-06,U.S. House,REP,general,NY,41758
Joe Carvin,Westchester,17,2012-11-06,U.S. House,REP,general,NY,50141
Joe Carvin,Total,17,2012-11-06,U.S. House,REP,general,NY,91899
Nita M. Lowey,Rockland,17,2012-11-06,U.S. House,WOR,general,NY,4089
Nita M. Lowey,Westchester,17,2012-11-06,U.S. House,WOR,general,NY,5704
Nita M. Lowey,Total,17,2012-11-06,U.S. House,WOR,general,NY,9793
Francis E. Morganthaler,Rockland,17,2012-11-06,U.S. House,WTP,general,NY,1205
Francis E. Morganthaler,Westchester,17,2012-11-06,U.S. House,WTP,general,NY,1566
Francis E. Morganthaler,Total,17,2012-11-06,U.S. House,WTP,general,NY,2771
Blank,Rockland,17,2012-11-06,U.S. House,,general,NY,13901
Blank,Westchester,17,2012-11-06,U.S. House,,general,NY,17197
Blank,Total,17,2012-11-06,U.S. House,,general,NY,31098
Void,Rockland,17,2012-11-06,U.S. House,,general,NY,76
Void,Westchester,17,2012-11-06,U.S. House,,general,NY,0
Void,Total,17,2012-11-06,U.S. House,,general,NY,76
Scattering,Rockland,17,2012-11-06,U.S. House,,general,NY,72
Scattering,Westchester,17,2012-11-06,U.S. House,,general,NY,46
Scattering,Total,17,2012-11-06,U.S. House,,general,NY,118
Total,Rockland,17,2012-11-06,U.S. House,,general,NY,125738
Total,Westchester,17,2012-11-06,U.S. House,,general,NY,171641
Total,Total,17,2012-11-06,U.S. House,,general,NY,297379
Sean Patrick Maloney,Orange,18,2012-11-06,U.S. House,DEM,general,NY,65579
Sean Patrick Maloney,Putnam,18,2012-11-06,U.S. House,DEM,general,NY,16992
Sean Patrick Maloney,Dutchess,18,2012-11-06,U.S. House,DEM,general,NY,33628
Sean Patrick Maloney,Westchester,18,2012-11-06,U.S. House,DEM,general,NY,16257
Sean Patrick Maloney,Total,18,2012-11-06,U.S. House,DEM,general,NY,132456
Nan Hayworth,Orange,18,2012-11-06,U.S. House,REP,general,NY,55298
Nan Hayworth,Putnam,18,2012-11-06,U.S. House,REP,general,NY,18928
Nan Hayworth,Dutchess,18,2012-11-06,U.S. House,REP,general,NY,24978
Nan Hayworth,Westchester,18,2012-11-06,U.S. House,REP,general,NY,14182
Nan Hayworth,Total,18,2012-11-06,U.S. House,REP,general,NY,113386
Nan Hayworth,Orange,18,2012-11-06,U.S. House,CON,general,NY,9175
Nan Hayworth,Putnam,18,2012-11-06,U.S. House,CON,general,NY,3725
Nan Hayworth,Dutchess,18,2012-11-06,U.S. House,CON,general,NY,5199
Nan Hayworth,Westchester,18,2012-11-06,U.S. House,CON,general,NY,1564
Nan Hayworth,Total,18,2012-11-06,U.S. House,CON,general,NY,19663
Sean Patrick Maloney,Orange,18,2012-11-06,U.S. House,WOR,general,NY,5275
Sean Patrick Maloney,Putnam,18,2012-11-06,U.S. House,WOR,general,NY,1891
Sean Patrick Maloney,Dutchess,18,2012-11-06,U.S. House,WOR,general,NY,3396
Sean Patrick Maloney,Westchester,18,2012-11-06,U.S. House,WOR,general,NY,827
Sean Patrick Maloney,Total,18,2012-11-06,U.S. House,WOR,general,NY,11389
Blank,Orange,18,2012-11-06,U.S. House,,general,NY,8395
Blank,Putnam,18,2012-11-06,U.S. House,,general,NY,2951
Blank,Dutchess,18,2012-11-06,U.S. House,,general,NY,4667
Blank,Westchester,18,2012-11-06,U.S. House,,general,NY,2310
Blank,Total,18,2012-11-06,U.S. House,,general,NY,18323
Void,Orange,18,2012-11-06,U.S. House,,general,NY,49
Void,Putnam,18,2012-11-06,U.S. House,,general,NY,0
Void,Dutchess,18,2012-11-06,U.S. House,,general,NY,1
Void,Westchester,18,2012-11-06,U.S. House,,general,NY,0
Void,Total,18,2012-11-06,U.S. House,,general,NY,50
Scattering,Orange,18,2012-11-06,U.S. House,,general,NY,75
Scattering,Putnam,18,2012-11-06,U.S. House,,general,NY,16
Scattering,Dutchess,18,2012-11-06,U.S. House,,general,NY,58
Scattering,Westchester,18,2012-11-06,U.S. House,,general,NY,20
Scattering,Total,18,2012-11-06,U.S. House,,general,NY,169
Total,Orange,18,2012-11-06,U.S. House,,general,NY,143846
Total,Putnam,18,2012-11-06,U.S. House,,general,NY,44503
Total,Dutchess,18,2012-11-06,U.S. House,,general,NY,71927
Total,Westchester,18,2012-11-06,U.S. House,,general,NY,35160
Total,Total,18,2012-11-06,U.S. House,,general,NY,295436
Julian County Schreibman,Columbia,19,2012-11-06,U.S. House,DEM,general,NY,11673
Julian County Schreibman,Delaware,19,2012-11-06,U.S. House,DEM,general,NY,6329
Julian County Schreibman,Greene,19,2012-11-06,U.S. House,DEM,general,NY,6353
Julian County Schreibman,Otsego,19,2012-11-06,U.S. House,DEM,general,NY,9860
Julian County Schreibman,Schoharie,19,2012-11-06,U.S. House,DEM,general,NY,3747
Julian County Schreibman,Sullivan,19,2012-11-06,U.S. House,DEM,general,NY,12327
Julian County Schreibman,Ulster,19,2012-11-06,U.S. House,DEM,general,NY,38963
Julian County Schreibman,Broome,19,2012-11-06,U.S. House,DEM,general,NY,251
Julian County Schreibman,Dutchess,19,2012-11-06,U.S. House,DEM,general,NY,20225
Julian County Schreibman,Montgomery,19,2012-11-06,U.S. House,DEM,general,NY,1373
Julian County Schreibman,Rensselaer,19,2012-11-06,U.S. House,DEM,general,NY,9858
Julian County Schreibman,Total,19,2012-11-06,U.S. House,DEM,general,NY,120959
Christopher P. Gibson,Columbia,19,2012-11-06,U.S. House,REP,general,NY,12114
Christopher P. Gibson,Delaware,19,2012-11-06,U.S. House,REP,general,NY,9356
Christopher P. Gibson,Greene,19,2012-11-06,U.S. House,REP,general,NY,10463
Christopher P. Gibson,Otsego,19,2012-11-06,U.S. House,REP,general,NY,10186
Christopher P. Gibson,Schoharie,19,2012-11-06,U.S. House,REP,general,NY,6893
Christopher P. Gibson,Sullivan,19,2012-11-06,U.S. House,REP,general,NY,9961
Christopher P. Gibson,Ulster,19,2012-11-06,U.S. House,REP,general,NY,25639
Christopher P. Gibson,Broome,19,2012-11-06,U.S. House,REP,general,NY,549
Christopher P. Gibson,Dutchess,19,2012-11-06,U.S. House,REP,general,NY,20342
Christopher P. Gibson,Montgomery,19,2012-11-06,U.S. House,REP,general,NY,2675
Christopher P. Gibson,Rensselaer,19,2012-11-06,U.S. House,REP,general,NY,14888
Christopher P. Gibson,Total,19,2012-11-06,U.S. House,REP,general,NY,123066
Christopher P. Gibson,Columbia,19,2012-11-06,U.S. House,CON,general,NY,1882
Christopher P. Gibson,Delaware,19,2012-11-06,U.S. House,CON,general,NY,872
Christopher P. Gibson,Greene,19,2012-11-06,U.S. House,CON,general,NY,1338
Christopher P. Gibson,Otsego,19,2012-11-06,U.S. House,CON,general,NY,1049
Christopher P. Gibson,Schoharie,19,2012-11-06,U.S. House,CON,general,NY,966
Christopher P. Gibson,Sullivan,19,2012-11-06,U.S. House,CON,general,NY,1351
Christopher P. Gibson,Ulster,19,2012-11-06,U.S. House,CON,general,NY,3413
Christopher P. Gibson,Broome,19,2012-11-06,U.S. House,CON,general,NY,31
Christopher P. Gibson,Dutchess,19,2012-11-06,U.S. House,CON,general,NY,3988
Christopher P. Gibson,Montgomery,19,2012-11-06,U.S. House,CON,general,NY,441
Christopher P. Gibson,Rensselaer,19,2012-11-06,U.S. House,CON,general,NY,2298
Christopher P. Gibson,Total,19,2012-11-06,U.S. House,CON,general,NY,17629
Julian Schreibman,Columbia,19,2012-11-06,U.S. House,WOR,general,NY,1181
Julian Schreibman,Delaware,19,2012-11-06,U.S. House,WOR,general,NY,739
Julian Schreibman,Greene,19,2012-11-06,U.S. House,WOR,general,NY,705
Julian Schreibman,Otsego,19,2012-11-06,U.S. House,WOR,general,NY,960
Julian Schreibman,Schoharie,19,2012-11-06,U.S. House,WOR,general,NY,477
Julian Schreibman,Sullivan,19,2012-11-06,U.S. House,WOR,general,NY,1091
Julian Schreibman,Ulster,19,2012-11-06,U.S. House,WOR,general,NY,4880
Julian Schreibman,Broome,19,2012-11-06,U.S. House,WOR,general,NY,19
Julian Schreibman,Dutchess,19,2012-11-06,U.S. House,WOR,general,NY,1975
Julian Schreibman,Montgomery,19,2012-11-06,U.S. House,WOR,general,NY,152
Julian Schreibman,Rensselaer,19,2012-11-06,U.S. House,WOR,general,NY,1157
Julian Schreibman,Total,19,2012-11-06,U.S. House,WOR,general,NY,13336
Christopher P. Gibson,Columbia,19,2012-11-06,U.S. House,IND,general,NY,1330
Christopher P. Gibson,Delaware,19,2012-11-06,U.S. House,IND,general,NY,498
Christopher P. Gibson,Greene,19,2012-11-06,U.S. House,IND,general,NY,700
Christopher P. Gibson,Otsego,19,2012-11-06,U.S. House,IND,general,NY,592
Christopher P. Gibson,Schoharie,19,2012-11-06,U.S. House,IND,general,NY,493
Christopher P. Gibson,Sullivan,19,2012-11-06,U.S. House,IND,general,NY,637
Christopher P. Gibson,Ulster,19,2012-11-06,U.S. House,IND,general,NY,2264
Christopher P. Gibson,Broome,19,2012-11-06,U.S. House,IND,general,NY,18
Christopher P. Gibson,Dutchess,19,2012-11-06,U.S. House,IND,general,NY,1354
Christopher P. Gibson,Montgomery,19,2012-11-06,U.S. House,IND,general,NY,131
Christopher P. Gibson,Rensselaer,19,2012-11-06,U.S. House,IND,general,NY,1533
Christopher P. Gibson,Total,19,2012-11-06,U.S. House,IND,general,NY,9550
Blank,Columbia,19,2012-11-06,U.S. House,,general,NY,1061
Blank,Delaware,19,2012-11-06,U.S. House,,general,NY,1044
Blank,Greene,19,2012-11-06,U.S. House,,general,NY,1527
Blank,Otsego,19,2012-11-06,U.S. House,,general,NY,1614
Blank,Schoharie,19,2012-11-06,U.S. House,,general,NY,758
Blank,Sullivan,19,2012-11-06,U.S. House,,general,NY,3317
Blank,Ulster,19,2012-11-06,U.S. House,,general,NY,4891
Blank,Broome,19,2012-11-06,U.S. House,,general,NY,89
Blank,Dutchess,19,2012-11-06,U.S. House,,general,NY,4796
Blank,Montgomery,19,2012-11-06,U.S. House,,general,NY,538
Blank,Rensselaer,19,2012-11-06,U.S. House,,general,NY,1896
Blank,Total,19,2012-11-06,U.S. House,,general,NY,21531
Void,Columbia,19,2012-11-06,U.S. House,,general,NY,18
Void,Delaware,19,2012-11-06,U.S. House,,general,NY,0
Void,Greene,19,2012-11-06,U.S. House,,general,NY,0
Void,Otsego,19,2012-11-06,U.S. House,,general,NY,0
Void,Schoharie,19,2012-11-06,U.S. House,,general,NY,3
Void,Sullivan,19,2012-11-06,U.S. House,,general,NY,37
Void,Ulster,19,2012-11-06,U.S. House,,general,NY,16
Void,Broome,19,2012-11-06,U.S. House,,general,NY,2
Void,Dutchess,19,2012-11-06,U.S. House,,general,NY,0
Void,Montgomery,19,2012-11-06,U.S. House,,general,NY,5
Void,Rensselaer,19,2012-11-06,U.S. House,,general,NY,5
Void,Total,19,2012-11-06,U.S. House,,general,NY,86
Scattering,Columbia,19,2012-11-06,U.S. House,,general,NY,17
Scattering,Delaware,19,2012-11-06,U.S. House,,general,NY,0
Scattering,Greene,19,2012-11-06,U.S. House,,general,NY,2
Scattering,Otsego,19,2012-11-06,U.S. House,,general,NY,9
Scattering,Schoharie,19,2012-11-06,U.S. House,,general,NY,4
Scattering,Sullivan,19,2012-11-06,U.S. House,,general,NY,7
Scattering,Ulster,19,2012-11-06,U.S. House,,general,NY,66
Scattering,Broome,19,2012-11-06,U.S. House,,general,NY,0
Scattering,Dutchess,19,2012-11-06,U.S. House,,general,NY,33
Scattering,Montgomery,19,2012-11-06,U.S. House,,general,NY,1
Scattering,Rensselaer,19,2012-11-06,U.S. House,,general,NY,0
Scattering,Total,19,2012-11-06,U.S. House,,general,NY,139
Total,Columbia,19,2012-11-06,U.S. House,,general,NY,29276
Total,Delaware,19,2012-11-06,U.S. House,,general,NY,18838
Total,Greene,19,2012-11-06,U.S. House,,general,NY,21088
Total,Otsego,19,2012-11-06,U.S. House,,general,NY,24270
Total,Schoharie,19,2012-11-06,U.S. House,,general,NY,13341
Total,Sullivan,19,2012-11-06,U.S. House,,general,NY,28728
Total,Ulster,19,2012-11-06,U.S. House,,general,NY,80132
Total,Broome,19,2012-11-06,U.S. House,,general,NY,959
Total,Dutchess,19,2012-11-06,U.S. House,,general,NY,52713
Total,Montgomery,19,2012-11-06,U.S. House,,general,NY,5316
Total,Rensselaer,19,2012-11-06,U.S. House,,general,NY,31635
Total,Total,19,2012-11-06,U.S. House,,general,NY,306296
Paul D. Tonko,Albany,20,2012-11-06,U.S. House,DEM,general,NY,84441
Paul D. Tonko,Schenectady,20,2012-11-06,U.S. House,DEM,general,NY,36547
Paul D. Tonko,Montgomery,20,2012-11-06,U.S. House,DEM,general,NY,6948
Paul D. Tonko,Rensselaer,20,2012-11-06,U.S. House,DEM,general,NY,20755
Paul D. Tonko,Saratoga,20,2012-11-06,U.S. House,DEM,general,NY,32402
Paul D. Tonko,Total,20,2012-11-06,U.S. House,DEM,general,NY,181093
Robert J. Dieterich,Albany,20,2012-11-06,U.S. House,REP,general,NY,28525
Robert J. Dieterich,Schenectady,20,2012-11-06,U.S. House,REP,general,NY,16506
Robert J. Dieterich,Montgomery,20,2012-11-06,U.S. House,REP,general,NY,3714
Robert J. Dieterich,Rensselaer,20,2012-11-06,U.S. House,REP,general,NY,8656
Robert J. Dieterich,Saratoga,20,2012-11-06,U.S. House,REP,general,NY,21701
Robert J. Dieterich,Total,20,2012-11-06,U.S. House,REP,general,NY,79102
Robert J. Dieterich,Albany,20,2012-11-06,U.S. House,CON,general,NY,4624
Robert J. Dieterich,Schenectady,20,2012-11-06,U.S. House,CON,general,NY,3853
Robert J. Dieterich,Montgomery,20,2012-11-06,U.S. House,CON,general,NY,871
Robert J. Dieterich,Rensselaer,20,2012-11-06,U.S. House,CON,general,NY,1645
Robert J. Dieterich,Saratoga,20,2012-11-06,U.S. House,CON,general,NY,3683
Robert J. Dieterich,Total,20,2012-11-06,U.S. House,CON,general,NY,14676
Paul D. Tonko,Albany,20,2012-11-06,U.S. House,WOR,general,NY,5375
Paul D. Tonko,Schenectady,20,2012-11-06,U.S. House,WOR,general,NY,2605
Paul D. Tonko,Montgomery,20,2012-11-06,U.S. House,WOR,general,NY,554
Paul D. Tonko,Rensselaer,20,2012-11-06,U.S. House,WOR,general,NY,1684
Paul D. Tonko,Saratoga,20,2012-11-06,U.S. House,WOR,general,NY,1799
Paul D. Tonko,Total,20,2012-11-06,U.S. House,WOR,general,NY,12017
Paul D. Tonko,Albany,20,2012-11-06,U.S. House,IND,general,NY,4327
Paul D. Tonko,Schenectady,20,2012-11-06,U.S. House,IND,general,NY,2117
Paul D. Tonko,Montgomery,20,2012-11-06,U.S. House,IND,general,NY,361
Paul D. Tonko,Rensselaer,20,2012-11-06,U.S. House,IND,general,NY,1570
Paul D. Tonko,Saratoga,20,2012-11-06,U.S. House,IND,general,NY,1916
Paul D. Tonko,Total,20,2012-11-06,U.S. House,IND,general,NY,10291
Blank,Albany,20,2012-11-06,U.S. House,,general,NY,9080
Blank,Schenectady,20,2012-11-06,U.S. House,,general,NY,3707
Blank,Montgomery,20,2012-11-06,U.S. House,,general,NY,629
Blank,Rensselaer,20,2012-11-06,U.S. House,,general,NY,2610
Blank,Saratoga,20,2012-11-06,U.S. House,,general,NY,4274
Blank,Total,20,2012-11-06,U.S. House,,general,NY,20300
Void,Albany,20,2012-11-06,U.S. House,,general,NY,57
Void,Schenectady,20,2012-11-06,U.S. House,,general,NY,0
Void,Montgomery,20,2012-11-06,U.S. House,,general,NY,5
Void,Rensselaer,20,2012-11-06,U.S. House,,general,NY,3
Void,Saratoga,20,2012-11-06,U.S. House,,general,NY,0
Void,Total,20,2012-11-06,U.S. House,,general,NY,65
Scattering,Albany,20,2012-11-06,U.S. House,,general,NY,80
Scattering,Schenectady,20,2012-11-06,U.S. House,,general,NY,21
Scattering,Montgomery,20,2012-11-06,U.S. House,,general,NY,2
Scattering,Rensselaer,20,2012-11-06,U.S. House,,general,NY,0
Scattering,Saratoga,20,2012-11-06,U.S. House,,general,NY,32
Scattering,Total,20,2012-11-06,U.S. House,,general,NY,135
Total,Albany,20,2012-11-06,U.S. House,,general,NY,136509
Total,Schenectady,20,2012-11-06,U.S. House,,general,NY,65356
Total,Montgomery,20,2012-11-06,U.S. House,,general,NY,13084
Total,Rensselaer,20,2012-11-06,U.S. House,,general,NY,36923
Total,Saratoga,20,2012-11-06,U.S. House,,general,NY,65807
Total,Total,20,2012-11-06,U.S. House,,general,NY,317679
William L. Owens,Clinton,21,2012-11-06,U.S. House,DEM,general,NY,17106
William L. Owens,Essex,21,2012-11-06,U.S. House,DEM,general,NY,8034
William L. Owens,Franklin,21,2012-11-06,U.S. House,DEM,general,NY,8560
William L. Owens,Fulton,21,2012-11-06,U.S. House,DEM,general,NY,6625
William L. Owens,Hamilton,21,2012-11-06,U.S. House,DEM,general,NY,974
William L. Owens,Jefferson,21,2012-11-06,U.S. House,DEM,general,NY,15444
William L. Owens,Lewis,21,2012-11-06,U.S. House,DEM,general,NY,4293
William L. Owens,St. Lawrence,21,2012-11-06,U.S. House,DEM,general,NY,19486
William L. Owens,Warren,21,2012-11-06,U.S. House,DEM,general,NY,12019
William L. Owens,Washington,21,2012-11-06,U.S. House,DEM,general,NY,9049
William L. Owens,Herkimer,21,2012-11-06,U.S. House,DEM,general,NY,1210
William L. Owens,Saratoga,21,2012-11-06,U.S. House,DEM,general,NY,15056
William L. Owens,Total,21,2012-11-06,U.S. House,DEM,general,NY,117856
Matthew A. Doheny,Clinton,21,2012-11-06,U.S. House,REP,general,NY,9206
Matthew A. Doheny,Essex,21,2012-11-06,U.S. House,REP,general,NY,5973
Matthew A. Doheny,Franklin,21,2012-11-06,U.S. House,REP,general,NY,5050
Matthew A. Doheny,Fulton,21,2012-11-06,U.S. House,REP,general,NY,8926
Matthew A. Doheny,Hamilton,21,2012-11-06,U.S. House,REP,general,NY,1616
Matthew A. Doheny,Jefferson,21,2012-11-06,U.S. House,REP,general,NY,15483
Matthew A. Doheny,Lewis,21,2012-11-06,U.S. House,REP,general,NY,4568
Matthew A. Doheny,St. Lawrence,21,2012-11-06,U.S. House,REP,general,NY,12562
Matthew A. Doheny,Warren,21,2012-11-06,U.S. House,REP,general,NY,12631
Matthew A. Doheny,Washington,21,2012-11-06,U.S. House,REP,general,NY,9517
Matthew A. Doheny,Herkimer,21,2012-11-06,U.S. House,REP,general,NY,1986
Matthew A. Doheny,Saratoga,21,2012-11-06,U.S. House,REP,general,NY,16850
Matthew A. Doheny,Total,21,2012-11-06,U.S. House,REP,general,NY,104368
Matthew A. Doheny,Clinton,21,2012-11-06,U.S. House,CON,general,NY,1315
Matthew A. Doheny,Essex,21,2012-11-06,U.S. House,CON,general,NY,646
Matthew A. Doheny,Franklin,21,2012-11-06,U.S. House,CON,general,NY,600
Matthew A. Doheny,Fulton,21,2012-11-06,U.S. House,CON,general,NY,1113
Matthew A. Doheny,Hamilton,21,2012-11-06,U.S. House,CON,general,NY,166
Matthew A. Doheny,Jefferson,21,2012-11-06,U.S. House,CON,general,NY,1661
Matthew A. Doheny,Lewis,21,2012-11-06,U.S. House,CON,general,NY,524
Matthew A. Doheny,St. Lawrence,21,2012-11-06,U.S. House,CON,general,NY,1609
Matthew A. Doheny,Warren,21,2012-11-06,U.S. House,CON,general,NY,1313
Matthew A. Doheny,Washington,21,2012-11-06,U.S. House,CON,general,NY,1379
Matthew A. Doheny,Herkimer,21,2012-11-06,U.S. House,CON,general,NY,216
Matthew A. Doheny,Saratoga,21,2012-11-06,U.S. House,CON,general,NY,2335
Matthew A. Doheny,Total,21,2012-11-06,U.S. House,CON,general,NY,12877
William L. Owens,Clinton,21,2012-11-06,U.S. House,WOR,general,NY,1169
William L. Owens,Essex,21,2012-11-06,U.S. House,WOR,general,NY,542
William L. Owens,Franklin,21,2012-11-06,U.S. House,WOR,general,NY,567
William L. Owens,Fulton,21,2012-11-06,U.S. House,WOR,general,NY,562
William L. Owens,Hamilton,21,2012-11-06,U.S. House,WOR,general,NY,68
William L. Owens,Jefferson,21,2012-11-06,U.S. House,WOR,general,NY,1311
William L. Owens,Lewis,21,2012-11-06,U.S. House,WOR,general,NY,393
William L. Owens,St. Lawrence,21,2012-11-06,U.S. House,WOR,general,NY,1330
William L. Owens,Warren,21,2012-11-06,U.S. House,WOR,general,NY,822
William L. Owens,Washington,21,2012-11-06,U.S. House,WOR,general,NY,737
William L. Owens,Herkimer,21,2012-11-06,U.S. House,WOR,general,NY,121
William L. Owens,Saratoga,21,2012-11-06,U.S. House,WOR,general,NY,1153
William L. Owens,Total,21,2012-11-06,U.S. House,WOR,general,NY,8775
Matthew A. Doheny,Clinton,21,2012-11-06,U.S. House,IND,general,NY,476
Matthew A. Doheny,Essex,21,2012-11-06,U.S. House,IND,general,NY,225
Matthew A. Doheny,Franklin,21,2012-11-06,U.S. House,IND,general,NY,189
Matthew A. Doheny,Fulton,21,2012-11-06,U.S. House,IND,general,NY,278
Matthew A. Doheny,Hamilton,21,2012-11-06,U.S. House,IND,general,NY,33
Matthew A. Doheny,Jefferson,21,2012-11-06,U.S. House,IND,general,NY,671
Matthew A. Doheny,Lewis,21,2012-11-06,U.S. House,IND,general,NY,204
Matthew A. Doheny,St. Lawrence,21,2012-11-06,U.S. House,IND,general,NY,468
Matthew A. Doheny,Warren,21,2012-11-06,U.S. House,IND,general,NY,650
Matthew A. Doheny,Washington,21,2012-11-06,U.S. House,IND,general,NY,439
Matthew A. Doheny,Herkimer,21,2012-11-06,U.S. House,IND,general,NY,75
Matthew A. Doheny,Saratoga,21,2012-11-06,U.S. House,IND,general,NY,693
Matthew A. Doheny,Total,21,2012-11-06,U.S. House,IND,general,NY,4401
Donald L. Hassig,Clinton,21,2012-11-06,U.S. House,GRN,general,NY,430
Donald L. Hassig,Essex,21,2012-11-06,U.S. House,GRN,general,NY,300
Donald L. Hassig,Franklin,21,2012-11-06,U.S. House,GRN,general,NY,257
Donald L. Hassig,Fulton,21,2012-11-06,U.S. House,GRN,general,NY,367
Donald L. Hassig,Hamilton,21,2012-11-06,U.S. House,GRN,general,NY,45
Donald L. Hassig,Jefferson,21,2012-11-06,U.S. House,GRN,general,NY,418
Donald L. Hassig,Lewis,21,2012-11-06,U.S. House,GRN,general,NY,129
Donald L. Hassig,St. Lawrence,21,2012-11-06,U.S. House,GRN,general,NY,499
Donald L. Hassig,Warren,21,2012-11-06,U.S. House,GRN,general,NY,486
Donald L. Hassig,Washington,21,2012-11-06,U.S. House,GRN,general,NY,432
Donald L. Hassig,Herkimer,21,2012-11-06,U.S. House,GRN,general,NY,42
Donald L. Hassig,Saratoga,21,2012-11-06,U.S. House,GRN,general,NY,769
Donald L. Hassig,Total,21,2012-11-06,U.S. House,GRN,general,NY,4174
Blank,Clinton,21,2012-11-06,U.S. House,,general,NY,1178
Blank,Essex,21,2012-11-06,U.S. House,,general,NY,1163
Blank,Franklin,21,2012-11-06,U.S. House,,general,NY,806
Blank,Fulton,21,2012-11-06,U.S. House,,general,NY,2055
Blank,Hamilton,21,2012-11-06,U.S. House,,general,NY,241
Blank,Jefferson,21,2012-11-06,U.S. House,,general,NY,1195
Blank,Lewis,21,2012-11-06,U.S. House,,general,NY,558
Blank,St. Lawrence,21,2012-11-06,U.S. House,,general,NY,1623
Blank,Warren,21,2012-11-06,U.S. House,,general,NY,1837
Blank,Washington,21,2012-11-06,U.S. House,,general,NY,1696
Blank,Herkimer,21,2012-11-06,U.S. House,,general,NY,406
Blank,Saratoga,21,2012-11-06,U.S. House,,general,NY,3382
Blank,Total,21,2012-11-06,U.S. House,,general,NY,16140
Void,Clinton,21,2012-11-06,U.S. House,,general,NY,0
Void,Essex,21,2012-11-06,U.S. House,,general,NY,0
Void,Franklin,21,2012-11-06,U.S. House,,general,NY,23
Void,Fulton,21,2012-11-06,U.S. House,,general,NY,12
Void,Hamilton,21,2012-11-06,U.S. House,,general,NY,43
Void,Jefferson,21,2012-11-06,U.S. House,,general,NY,1
Void,Lewis,21,2012-11-06,U.S. House,,general,NY,0
Void,St. Lawrence,21,2012-11-06,U.S. House,,general,NY,0
Void,Warren,21,2012-11-06,U.S. House,,general,NY,8
Void,Washington,21,2012-11-06,U.S. House,,general,NY,0
Void,Herkimer,21,2012-11-06,U.S. House,,general,NY,1
Void,Saratoga,21,2012-11-06,U.S. House,,general,NY,0
Void,Total,21,2012-11-06,U.S. House,,general,NY,88
Scattering,Clinton,21,2012-11-06,U.S. House,,general,NY,17
Scattering,Essex,21,2012-11-06,U.S. House,,general,NY,3
Scattering,Franklin,21,2012-11-06,U.S. House,,general,NY,5
Scattering,Fulton,21,2012-11-06,U.S. House,,general,NY,9
Scattering,Hamilton,21,2012-11-06,U.S. House,,general,NY,0
Scattering,Jefferson,21,2012-11-06,U.S. House,,general,NY,12
Scattering,Lewis,21,2012-11-06,U.S. House,,general,NY,7
Scattering,St. Lawrence,21,2012-11-06,U.S. House,,general,NY,23
Scattering,Warren,21,2012-11-06,U.S. House,,general,NY,13
Scattering,Washington,21,2012-11-06,U.S. House,,general,NY,0
Scattering,Herkimer,21,2012-11-06,U.S. House,,general,NY,0
Scattering,Saratoga,21,2012-11-06,U.S. House,,general,NY,16
Scattering,Total,21,2012-11-06,U.S. House,,general,NY,105
Total,Clinton,21,2012-11-06,U.S. House,,general,NY,30897
Total,Essex,21,2012-11-06,U.S. House,,general,NY,16886
Total,Franklin,21,2012-11-06,U.S. House,,general,NY,16057
Total,Fulton,21,2012-11-06,U.S. House,,general,NY,19947
Total,Hamilton,21,2012-11-06,U.S. House,,general,NY,3186
Total,Jefferson,21,2012-11-06,U.S. House,,general,NY,36196
Total,Lewis,21,2012-11-06,U.S. House,,general,NY,10676
Total,St. Lawrence,21,2012-11-06,U.S. House,,general,NY,37600
Total,Warren,21,2012-11-06,U.S. House,,general,NY,29779
Total,Washington,21,2012-11-06,U.S. House,,general,NY,23249
Total,Herkimer,21,2012-11-06,U.S. House,,general,NY,4057
Total,Saratoga,21,2012-11-06,U.S. House,,general,NY,40254
Total,Total,21,2012-11-06,U.S. House,,general,NY,268784
Dan Lamb,Chenango,22,2012-11-06,U.S. House,DEM,general,NY,6196
Dan Lamb,Cortland,22,2012-11-06,U.S. House,DEM,general,NY,7445
Dan Lamb,Madison,22,2012-11-06,U.S. House,DEM,general,NY,10833
Dan Lamb,Oneida,22,2012-11-06,U.S. House,DEM,general,NY,29233
Dan Lamb,Broome,22,2012-11-06,U.S. House,DEM,general,NY,35241
Dan Lamb,Herkimer,22,2012-11-06,U.S. House,DEM,general,NY,6252
Dan Lamb,Oswego,22,2012-11-06,U.S. House,DEM,general,NY,5018
Dan Lamb,Tioga,22,2012-11-06,U.S. House,DEM,general,NY,1862
Dan Lamb,Total,22,2012-11-06,U.S. House,DEM,general,NY,102080
Richard L. Hanna,Chenango,22,2012-11-06,U.S. House,REP,general,NY,10656
Richard L. Hanna,Cortland,22,2012-11-06,U.S. House,REP,general,NY,9774
Richard L. Hanna,Madison,22,2012-11-06,U.S. House,REP,general,NY,13762
Richard L. Hanna,Oneida,22,2012-11-06,U.S. House,REP,general,NY,48529
Richard L. Hanna,Broome,22,2012-11-06,U.S. House,REP,general,NY,37352
Richard L. Hanna,Herkimer,22,2012-11-06,U.S. House,REP,general,NY,12693
Richard L. Hanna,Oswego,22,2012-11-06,U.S. House,REP,general,NY,9347
Richard L. Hanna,Tioga,22,2012-11-06,U.S. House,REP,general,NY,2929
Richard L. Hanna,Total,22,2012-11-06,U.S. House,REP,general,NY,145042
Richard L. Hanna,Chenango,22,2012-11-06,U.S. House,IND,general,NY,1016
Richard L. Hanna,Cortland,22,2012-11-06,U.S. House,IND,general,NY,855
Richard L. Hanna,Madison,22,2012-11-06,U.S. House,IND,general,NY,1418
Richard L. Hanna,Oneida,22,2012-11-06,U.S. House,IND,general,NY,4771
Richard L. Hanna,Broome,22,2012-11-06,U.S. House,IND,general,NY,2470
Richard L. Hanna,Herkimer,22,2012-11-06,U.S. House,IND,general,NY,1096
Richard L. Hanna,Oswego,22,2012-11-06,U.S. House,IND,general,NY,1087
Richard L. Hanna,Tioga,22,2012-11-06,U.S. House,IND,general,NY,186
Richard L. Hanna,Total,22,2012-11-06,U.S. House,IND,general,NY,12899
Blank,Chenango,22,2012-11-06,U.S. House,,general,NY,1368
Blank,Cortland,22,2012-11-06,U.S. House,,general,NY,1581
Blank,Madison,22,2012-11-06,U.S. House,,general,NY,2159
Blank,Oneida,22,2012-11-06,U.S. House,,general,NY,4902
Blank,Broome,22,2012-11-06,U.S. House,,general,NY,6071
Blank,Herkimer,22,2012-11-06,U.S. House,,general,NY,979
Blank,Oswego,22,2012-11-06,U.S. House,,general,NY,1739
Blank,Tioga,22,2012-11-06,U.S. House,,general,NY,341
Blank,Total,22,2012-11-06,U.S. House,,general,NY,19140
Void,Chenango,22,2012-11-06,U.S. House,,general,NY,10
Void,Cortland,22,2012-11-06,U.S. House,,general,NY,8
Void,Madison,22,2012-11-06,U.S. House,,general,NY,25
Void,Oneida,22,2012-11-06,U.S. House,,general,NY,0
Void,Broome,22,2012-11-06,U.S. House,,general,NY,19
Void,Herkimer,22,2012-11-06,U.S. House,,general,NY,11
Void,Oswego,22,2012-11-06,U.S. House,,general,NY,6
Void,Tioga,22,2012-11-06,U.S. House,,general,NY,0
Void,Total,22,2012-11-06,U.S. House,,general,NY,79
Scattering,Chenango,22,2012-11-06,U.S. House,,general,NY,215
Scattering,Cortland,22,2012-11-06,U.S. House,,general,NY,76
Scattering,Madison,22,2012-11-06,U.S. House,,general,NY,126
Scattering,Oneida,22,2012-11-06,U.S. House,,general,NY,229
Scattering,Broome,22,2012-11-06,U.S. House,,general,NY,115
Scattering,Herkimer,22,2012-11-06,U.S. House,,general,NY,34
Scattering,Oswego,22,2012-11-06,U.S. House,,general,NY,32
Scattering,Tioga,22,2012-11-06,U.S. House,,general,NY,15
Scattering,Total,22,2012-11-06,U.S. House,,general,NY,842
Total,Chenango,22,2012-11-06,U.S. House,,general,NY,19461
Total,Cortland,22,2012-11-06,U.S. House,,general,NY,19739
Total,Madison,22,2012-11-06,U.S. House,,general,NY,28323
Total,Oneida,22,2012-11-06,U.S. House,,general,NY,87664
Total,Broome,22,2012-11-06,U.S. House,,general,NY,81268
Total,Herkimer,22,2012-11-06,U.S. House,,general,NY,21065
Total,Oswego,22,2012-11-06,U.S. House,,general,NY,17229
Total,Tioga,22,2012-11-06,U.S. House,,general,NY,5333
Total,Total,22,2012-11-06,U.S. House,,general,NY,280082
Nate Shinagawa,Allegany,23,2012-11-06,U.S. House,DEM,general,NY,5190
Nate Shinagawa,Cattaraugus,23,2012-11-06,U.S. House,DEM,general,NY,10815
Nate Shinagawa,Chautauqua,23,2012-11-06,U.S. House,DEM,general,NY,21348
Nate Shinagawa,Chemung,23,2012-11-06,U.S. House,DEM,general,NY,15243
Nate Shinagawa,Schuyler,23,2012-11-06,U.S. House,DEM,general,NY,3230
Nate Shinagawa,Seneca,23,2012-11-06,U.S. House,DEM,general,NY,5300
Nate Shinagawa,Steuben,23,2012-11-06,U.S. House,DEM,general,NY,13552
Nate Shinagawa,Tompkins,23,2012-11-06,U.S. House,DEM,general,NY,23637
Nate Shinagawa,Yates,23,2012-11-06,U.S. House,DEM,general,NY,3727
Nate Shinagawa,Ontario,23,2012-11-06,U.S. House,DEM,general,NY,7149
Nate Shinagawa,Tioga,23,2012-11-06,U.S. House,DEM,general,NY,5399
Nate Shinagawa,Total,23,2012-11-06,U.S. House,DEM,general,NY,114590
"Thomas W. Reed, II",Allegany,23,2012-11-06,U.S. House,REP,general,NY,9003
"Thomas W. Reed, II",Cattaraugus,23,2012-11-06,U.S. House,REP,general,NY,13296
"Thomas W. Reed, II",Chautauqua,23,2012-11-06,U.S. House,REP,general,NY,21844
"Thomas W. Reed, II",Chemung,23,2012-11-06,U.S. House,REP,general,NY,15617
"Thomas W. Reed, II",Schuyler,23,2012-11-06,U.S. House,REP,general,NY,3645
"Thomas W. Reed, II",Seneca,23,2012-11-06,U.S. House,REP,general,NY,5298
"Thomas W. Reed, II",Steuben,23,2012-11-06,U.S. House,REP,general,NY,19883
"Thomas W. Reed, II",Tompkins,23,2012-11-06,U.S. House,REP,general,NY,9681
"Thomas W. Reed, II",Yates,23,2012-11-06,U.S. House,REP,general,NY,4186
"Thomas W. Reed, II",Ontario,23,2012-11-06,U.S. House,REP,general,NY,7231
"Thomas W. Reed, II",Tioga,23,2012-11-06,U.S. House,REP,general,NY,7957
"Thomas W. Reed, II",Total,23,2012-11-06,U.S. House,REP,general,NY,117641
"Thomas W. Reed, II",Allegany,23,2012-11-06,U.S. House,CON,general,NY,1062
"Thomas W. Reed, II",Cattaraugus,23,2012-11-06,U.S. House,CON,general,NY,1891
"Thomas W. Reed, II",Chautauqua,23,2012-11-06,U.S. House,CON,general,NY,3500
"Thomas W. Reed, II",Chemung,23,2012-11-06,U.S. House,CON,general,NY,1502
"Thomas W. Reed, II",Schuyler,23,2012-11-06,U.S. House,CON,general,NY,465
"Thomas W. Reed, II",Seneca,23,2012-11-06,U.S. House,CON,general,NY,741
"Thomas W. Reed, II",Steuben,23,2012-11-06,U.S. House,CON,general,NY,1873
"Thomas W. Reed, II",Tompkins,23,2012-11-06,U.S. House,CON,general,NY,914
"Thomas W. Reed, II",Yates,23,2012-11-06,U.S. House,CON,general,NY,563
"Thomas W. Reed, II",Ontario,23,2012-11-06,U.S. House,CON,general,NY,1051
"Thomas W. Reed, II",Tioga,23,2012-11-06,U.S. House,CON,general,NY,711
"Thomas W. Reed, II",Total,23,2012-11-06,U.S. House,CON,general,NY,14273
Nate Shinagawa,Allegany,23,2012-11-06,U.S. House,WOR,general,NY,607
Nate Shinagawa,Cattaraugus,23,2012-11-06,U.S. House,WOR,general,NY,1353
Nate Shinagawa,Chautauqua,23,2012-11-06,U.S. House,WOR,general,NY,2505
Nate Shinagawa,Chemung,23,2012-11-06,U.S. House,WOR,general,NY,1219
Nate Shinagawa,Schuyler,23,2012-11-06,U.S. House,WOR,general,NY,431
Nate Shinagawa,Seneca,23,2012-11-06,U.S. House,WOR,general,NY,532
Nate Shinagawa,Steuben,23,2012-11-06,U.S. House,WOR,general,NY,1424
Nate Shinagawa,Tompkins,23,2012-11-06,U.S. House,WOR,general,NY,3339
Nate Shinagawa,Yates,23,2012-11-06,U.S. House,WOR,general,NY,344
Nate Shinagawa,Ontario,23,2012-11-06,U.S. House,WOR,general,NY,611
Nate Shinagawa,Tioga,23,2012-11-06,U.S. House,WOR,general,NY,580
Nate Shinagawa,Total,23,2012-11-06,U.S. House,WOR,general,NY,12945
"Thomas W. Reed, II",Allegany,23,2012-11-06,U.S. House,IND,general,NY,317
"Thomas W. Reed, II",Cattaraugus,23,2012-11-06,U.S. House,IND,general,NY,725
"Thomas W. Reed, II",Chautauqua,23,2012-11-06,U.S. House,IND,general,NY,1418
"Thomas W. Reed, II",Chemung,23,2012-11-06,U.S. House,IND,general,NY,652
"Thomas W. Reed, II",Schuyler,23,2012-11-06,U.S. House,IND,general,NY,195
"Thomas W. Reed, II",Seneca,23,2012-11-06,U.S. House,IND,general,NY,264
"Thomas W. Reed, II",Steuben,23,2012-11-06,U.S. House,IND,general,NY,710
"Thomas W. Reed, II",Tompkins,23,2012-11-06,U.S. House,IND,general,NY,516
"Thomas W. Reed, II",Yates,23,2012-11-06,U.S. House,IND,general,NY,188
"Thomas W. Reed, II",Ontario,23,2012-11-06,U.S. House,IND,general,NY,380
"Thomas W. Reed, II",Tioga,23,2012-11-06,U.S. House,IND,general,NY,390
"Thomas W. Reed, II",Total,23,2012-11-06,U.S. House,IND,general,NY,5755
Blank,Allegany,23,2012-11-06,U.S. House,,general,NY,882
Blank,Cattaraugus,23,2012-11-06,U.S. House,,general,NY,2027
Blank,Chautauqua,23,2012-11-06,U.S. House,,general,NY,2547
Blank,Chemung,23,2012-11-06,U.S. House,,general,NY,970
Blank,Schuyler,23,2012-11-06,U.S. House,,general,NY,224
Blank,Seneca,23,2012-11-06,U.S. House,,general,NY,1185
Blank,Steuben,23,2012-11-06,U.S. House,,general,NY,1288
Blank,Tompkins,23,2012-11-06,U.S. House,,general,NY,1849
Blank,Yates,23,2012-11-06,U.S. House,,general,NY,490
Blank,Ontario,23,2012-11-06,U.S. House,,general,NY,1268
Blank,Tioga,23,2012-11-06,U.S. House,,general,NY,1333
Blank,Total,23,2012-11-06,U.S. House,,general,NY,14063
Void,Allegany,23,2012-11-06,U.S. House,,general,NY,4
Void,Cattaraugus,23,2012-11-06,U.S. House,,general,NY,0
Void,Chautauqua,23,2012-11-06,U.S. House,,general,NY,0
Void,Chemung,23,2012-11-06,U.S. House,,general,NY,0
Void,Schuyler,23,2012-11-06,U.S. House,,general,NY,0
Void,Seneca,23,2012-11-06,U.S. House,,general,NY,10
Void,Steuben,23,2012-11-06,U.S. House,,general,NY,32
Void,Tompkins,23,2012-11-06,U.S. House,,general,NY,0
Void,Yates,23,2012-11-06,U.S. House,,general,NY,6
Void,Ontario,23,2012-11-06,U.S. House,,general,NY,2
Void,Tioga,23,2012-11-06,U.S. House,,general,NY,1
Void,Total,23,2012-11-06,U.S. House,,general,NY,55
Scattering,Allegany,23,2012-11-06,U.S. House,,general,NY,8
Scattering,Cattaraugus,23,2012-11-06,U.S. House,,general,NY,4
Scattering,Chautauqua,23,2012-11-06,U.S. House,,general,NY,21
Scattering,Chemung,23,2012-11-06,U.S. House,,general,NY,0
Scattering,Schuyler,23,2012-11-06,U.S. House,,general,NY,3
Scattering,Seneca,23,2012-11-06,U.S. House,,general,NY,3
Scattering,Steuben,23,2012-11-06,U.S. House,,general,NY,19
Scattering,Tompkins,23,2012-11-06,U.S. House,,general,NY,0
Scattering,Yates,23,2012-11-06,U.S. House,,general,NY,8
Scattering,Ontario,23,2012-11-06,U.S. House,,general,NY,3
Scattering,Tioga,23,2012-11-06,U.S. House,,general,NY,9
Scattering,Total,23,2012-11-06,U.S. House,,general,NY,78
Total,Allegany,23,2012-11-06,U.S. House,,general,NY,17073
Total,Cattaraugus,23,2012-11-06,U.S. House,,general,NY,30111
Total,Chautauqua,23,2012-11-06,U.S. House,,general,NY,53183
Total,Chemung,23,2012-11-06,U.S. House,,general,NY,35203
Total,Schuyler,23,2012-11-06,U.S. House,,general,NY,8193
Total,Seneca,23,2012-11-06,U.S. House,,general,NY,13333
Total,Steuben,23,2012-11-06,U.S. House,,general,NY,38781
Total,Tompkins,23,2012-11-06,U.S. House,,general,NY,39936
Total,Yates,23,2012-11-06,U.S. House,,general,NY,9512
Total,Ontario,23,2012-11-06,U.S. House,,general,NY,17695
Total,Tioga,23,2012-11-06,U.S. House,,general,NY,16380
Total,Total,23,2012-11-06,U.S. House,,general,NY,279400
Daniel B. Maffei,Cayuga,24,2012-11-06,U.S. House,DEM,general,NY,12228
Daniel B. Maffei,Onondaga,24,2012-11-06,U.S. House,DEM,general,NY,98762
Daniel B. Maffei,Wayne,24,2012-11-06,U.S. House,DEM,general,NY,11819
Daniel B. Maffei,Oswego,24,2012-11-06,U.S. House,DEM,general,NY,11099
Daniel B. Maffei,Total,24,2012-11-06,U.S. House,DEM,general,NY,133908
Ann Marie Buerkle,Cayuga,24,2012-11-06,U.S. House,REP,general,NY,11486
Ann Marie Buerkle,Onondaga,24,2012-11-06,U.S. House,REP,general,NY,66565
Ann Marie Buerkle,Wayne,24,2012-11-06,U.S. House,REP,general,NY,18067
Ann Marie Buerkle,Oswego,24,2012-11-06,U.S. House,REP,general,NY,9466
Ann Marie Buerkle,Total,24,2012-11-06,U.S. House,REP,general,NY,105584
Ann Marie Buerkle,Cayuga,24,2012-11-06,U.S. House,CON,general,NY,1899
Ann Marie Buerkle,Onondaga,24,2012-11-06,U.S. House,CON,general,NY,9876
Ann Marie Buerkle,Wayne,24,2012-11-06,U.S. House,CON,general,NY,3233
Ann Marie Buerkle,Oswego,24,2012-11-06,U.S. House,CON,general,NY,1473
Ann Marie Buerkle,Total,24,2012-11-06,U.S. House,CON,general,NY,16481
Daniel B. Maffei,Cayuga,24,2012-11-06,U.S. House,WOR,general,NY,936
Daniel B. Maffei,Onondaga,24,2012-11-06,U.S. House,WOR,general,NY,6058
Daniel B. Maffei,Wayne,24,2012-11-06,U.S. House,WOR,general,NY,1178
Daniel B. Maffei,Oswego,24,2012-11-06,U.S. House,WOR,general,NY,964
Daniel B. Maffei,Total,24,2012-11-06,U.S. House,WOR,general,NY,9136
Ann Marie Buerkle,Cayuga,24,2012-11-06,U.S. House,IND,general,NY,455
Ann Marie Buerkle,Onondaga,24,2012-11-06,U.S. House,IND,general,NY,3269
Ann Marie Buerkle,Wayne,24,2012-11-06,U.S. House,IND,general,NY,757
Ann Marie Buerkle,Oswego,24,2012-11-06,U.S. House,IND,general,NY,508
Ann Marie Buerkle,Total,24,2012-11-06,U.S. House,IND,general,NY,4989
Ursula E. Rozum,Cayuga,24,2012-11-06,U.S. House,GRN,general,NY,2882
Ursula E. Rozum,Onondaga,24,2012-11-06,U.S. House,GRN,general,NY,16040
Ursula E. Rozum,Wayne,24,2012-11-06,U.S. House,GRN,general,NY,900
Ursula E. Rozum,Oswego,24,2012-11-06,U.S. House,GRN,general,NY,2848
Ursula E. Rozum,Total,24,2012-11-06,U.S. House,GRN,general,NY,22670
Blank,Cayuga,24,2012-11-06,U.S. House,,general,NY,1729
Blank,Onondaga,24,2012-11-06,U.S. House,,general,NY,5677
Blank,Wayne,24,2012-11-06,U.S. House,,general,NY,1791
Blank,Oswego,24,2012-11-06,U.S. House,,general,NY,1331
Blank,Total,24,2012-11-06,U.S. House,,general,NY,10528
Void,Cayuga,24,2012-11-06,U.S. House,,general,NY,0
Void,Onondaga,24,2012-11-06,U.S. House,,general,NY,0
Void,Wayne,24,2012-11-06,U.S. House,,general,NY,43
Void,Oswego,24,2012-11-06,U.S. House,,general,NY,8
Void,Total,24,2012-11-06,U.S. House,,general,NY,51
Scattering,Cayuga,24,2012-11-06,U.S. House,,general,NY,16
Scattering,Onondaga,24,2012-11-06,U.S. House,,general,NY,169
Scattering,Wayne,24,2012-11-06,U.S. House,,general,NY,14
Scattering,Oswego,24,2012-11-06,U.S. House,,general,NY,21
Scattering,Total,24,2012-11-06,U.S. House,,general,NY,220
Total,Cayuga,24,2012-11-06,U.S. House,,general,NY,31631
Total,Onondaga,24,2012-11-06,U.S. House,,general,NY,206416
Total,Wayne,24,2012-11-06,U.S. House,,general,NY,37802
Total,Oswego,24,2012-11-06,U.S. House,,general,NY,27718
Total,Total,24,2012-11-06,U.S. House,,general,NY,303567
Louise M. Slaughter,Monroe,25,2012-11-06,U.S. House,DEM,general,NY,168761
Maggie Brooks,Monroe,25,2012-11-06,U.S. House,REP,general,NY,109292
Maggie Brooks,Monroe,25,2012-11-06,U.S. House,CON,general,NY,18543
Louise M. Slaughter,Monroe,25,2012-11-06,U.S. House,WOR,general,NY,11049
Maggie Brooks,Monroe,25,2012-11-06,U.S. House,IND,general,NY,5554
Blank,Monroe,25,2012-11-06,U.S. House,,general,NY,7976
Void,Monroe,25,2012-11-06,U.S. House,,general,NY,1332
Scattering,Monroe,25,2012-11-06,U.S. House,,general,NY,253
Total,Monroe,25,2012-11-06,U.S. House,,general,NY,322760
Brian Higgins,Erie,26,2012-11-06,U.S. House,DEM,general,NY,177754
Brian Higgins,Niagara,26,2012-11-06,U.S. House,DEM,general,NY,17480
Brian Higgins,Total,26,2012-11-06,U.S. House,DEM,general,NY,195234
Michael H. Madigan,Erie,26,2012-11-06,U.S. House,REP,general,NY,50444
Michael H. Madigan,Niagara,26,2012-11-06,U.S. House,REP,general,NY,6924
Michael H. Madigan,Total,26,2012-11-06,U.S. House,REP,general,NY,57368
Michael H. Madigan,Erie,26,2012-11-06,U.S. House,CON,general,NY,8950
Michael H. Madigan,Niagara,26,2012-11-06,U.S. House,CON,general,NY,1293
Michael H. Madigan,Total,26,2012-11-06,U.S. House,CON,general,NY,10243
Brian Higgins,Erie,26,2012-11-06,U.S. House,WOR,general,NY,15756
Brian Higgins,Niagara,26,2012-11-06,U.S. House,WOR,general,NY,1598
Brian Higgins,Total,26,2012-11-06,U.S. House,WOR,general,NY,17354
Michael H. Madigan,Erie,26,2012-11-06,U.S. House,IND,general,NY,3537
Michael H. Madigan,Niagara,26,2012-11-06,U.S. House,IND,general,NY,518
Michael H. Madigan,Total,26,2012-11-06,U.S. House,IND,general,NY,4055
Blank,Erie,26,2012-11-06,U.S. House,,general,NY,17990
Blank,Niagara,26,2012-11-06,U.S. House,,general,NY,2700
Blank,Total,26,2012-11-06,U.S. House,,general,NY,20690
Void,Erie,26,2012-11-06,U.S. House,,general,NY,0
Void,Niagara,26,2012-11-06,U.S. House,,general,NY,0
Void,Total,26,2012-11-06,U.S. House,,general,NY,0
Scattering,Erie,26,2012-11-06,U.S. House,,general,NY,0
Scattering,Niagara,26,2012-11-06,U.S. House,,general,NY,17
Scattering,Total,26,2012-11-06,U.S. House,,general,NY,17
Total,Erie,26,2012-11-06,U.S. House,,general,NY,274431
Total,Niagara,26,2012-11-06,U.S. House,,general,NY,30530
Total,Total,26,2012-11-06,U.S. House,,general,NY,304961
Kathy C. Hochul,Genesee,27,2012-11-06,U.S. House,DEM,general,NY,10256
Kathy C. Hochul,Livingston,27,2012-11-06,U.S. House,DEM,general,NY,11680
Kathy C. Hochul,Orleans,27,2012-11-06,U.S. House,DEM,general,NY,5883
Kathy C. Hochul,Wyoming,27,2012-11-06,U.S. House,DEM,general,NY,6223
Kathy C. Hochul,Erie,27,2012-11-06,U.S. House,DEM,general,NY,61212
Kathy C. Hochul,Monroe,27,2012-11-06,U.S. House,DEM,general,NY,5680
Kathy C. Hochul,Niagara,27,2012-11-06,U.S. House,DEM,general,NY,25840
Kathy C. Hochul,Ontario,27,2012-11-06,U.S. House,DEM,general,NY,13234
Kathy C. Hochul,Total,27,2012-11-06,U.S. House,DEM,general,NY,140008
Chris Collins,Genesee,27,2012-11-06,U.S. House,REP,general,NY,10375
Chris Collins,Livingston,27,2012-11-06,U.S. House,REP,general,NY,10544
Chris Collins,Orleans,27,2012-11-06,U.S. House,REP,general,NY,6310
Chris Collins,Wyoming,27,2012-11-06,U.S. House,REP,general,NY,7527
Chris Collins,Erie,27,2012-11-06,U.S. House,REP,general,NY,60547
Chris Collins,Monroe,27,2012-11-06,U.S. House,REP,general,NY,5415
Chris Collins,Niagara,27,2012-11-06,U.S. House,REP,general,NY,24416
Chris Collins,Ontario,27,2012-11-06,U.S. House,REP,general,NY,12116
Chris Collins,Total,27,2012-11-06,U.S. House,REP,general,NY,137250
Chris Collins,Genesee,27,2012-11-06,U.S. House,CON,general,NY,1824
Chris Collins,Livingston,27,2012-11-06,U.S. House,CON,general,NY,1900
Chris Collins,Orleans,27,2012-11-06,U.S. House,CON,general,NY,1035
Chris Collins,Wyoming,27,2012-11-06,U.S. House,CON,general,NY,1177
Chris Collins,Erie,27,2012-11-06,U.S. House,CON,general,NY,10761
Chris Collins,Monroe,27,2012-11-06,U.S. House,CON,general,NY,1224
Chris Collins,Niagara,27,2012-11-06,U.S. House,CON,general,NY,3906
Chris Collins,Ontario,27,2012-11-06,U.S. House,CON,general,NY,2143
Chris Collins,Total,27,2012-11-06,U.S. House,CON,general,NY,23970
Kathy C. Hochul,Genesee,27,2012-11-06,U.S. House,WOR,general,NY,1282
Kathy C. Hochul,Livingston,27,2012-11-06,U.S. House,WOR,general,NY,1269
Kathy C. Hochul,Orleans,27,2012-11-06,U.S. House,WOR,general,NY,767
Kathy C. Hochul,Wyoming,27,2012-11-06,U.S. House,WOR,general,NY,845
Kathy C. Hochul,Erie,27,2012-11-06,U.S. House,WOR,general,NY,7140
Kathy C. Hochul,Monroe,27,2012-11-06,U.S. House,WOR,general,NY,628
Kathy C. Hochul,Niagara,27,2012-11-06,U.S. House,WOR,general,NY,2968
Kathy C. Hochul,Ontario,27,2012-11-06,U.S. House,WOR,general,NY,1312
Kathy C. Hochul,Total,27,2012-11-06,U.S. House,WOR,general,NY,16211
Blank,Genesee,27,2012-11-06,U.S. House,,general,NY,1198
Blank,Livingston,27,2012-11-06,U.S. House,,general,NY,1666
Blank,Orleans,27,2012-11-06,U.S. House,,general,NY,789
Blank,Wyoming,27,2012-11-06,U.S. House,,general,NY,634
Blank,Erie,27,2012-11-06,U.S. House,,general,NY,3333
Blank,Monroe,27,2012-11-06,U.S. House,,general,NY,629
Blank,Niagara,27,2012-11-06,U.S. House,,general,NY,2121
Blank,Ontario,27,2012-11-06,U.S. House,,general,NY,1762
Blank,Total,27,2012-11-06,U.S. House,,general,NY,12132
Void,Genesee,27,2012-11-06,U.S. House,,general,NY,9
Void,Livingston,27,2012-11-06,U.S. House,,general,NY,8
Void,Orleans,27,2012-11-06,U.S. House,,general,NY,14
Void,Wyoming,27,2012-11-06,U.S. House,,general,NY,2
Void,Erie,27,2012-11-06,U.S. House,,general,NY,0
Void,Monroe,27,2012-11-06,U.S. House,,general,NY,65
Void,Niagara,27,2012-11-06,U.S. House,,general,NY,0
Void,Ontario,27,2012-11-06,U.S. House,,general,NY,4
Void,Total,27,2012-11-06,U.S. House,,general,NY,102
Scattering,Genesee,27,2012-11-06,U.S. House,,general,NY,19
Scattering,Livingston,27,2012-11-06,U.S. House,,general,NY,7
Scattering,Orleans,27,2012-11-06,U.S. House,,general,NY,2
Scattering,Wyoming,27,2012-11-06,U.S. House,,general,NY,8
Scattering,Erie,27,2012-11-06,U.S. House,,general,NY,0
Scattering,Monroe,27,2012-11-06,U.S. House,,general,NY,10
Scattering,Niagara,27,2012-11-06,U.S. House,,general,NY,36
Scattering,Ontario,27,2012-11-06,U.S. House,,general,NY,13
Scattering,Total,27,2012-11-06,U.S. House,,general,NY,95
Total,Genesee,27,2012-11-06,U.S. House,,general,NY,24963
Total,Livingston,27,2012-11-06,U.S. House,,general,NY,27074
Total,Orleans,27,2012-11-06,U.S. House,,general,NY,14800
Total,Wyoming,27,2012-11-06,U.S. House,,general,NY,16416
Total,Erie,27,2012-11-06,U.S. House,,general,NY,142993
Total,Monroe,27,2012-11-06,U.S. House,,general,NY,13651
Total,Niagara,27,2012-11-06,U.S. House,,general,NY,59287
Total,Ontario,27,2012-11-06,U.S. House,,general,NY,30584
Total,Total,27,2012-11-06,U.S. House,,general,NY,329768
